,Name,Handedness,Height,Weight,Batting Average (Hits/at bat),HR,BMI,State,Ave
1,Tom Brown,Right Handed,73,170,0,0,22.4756927788818,Normal,0.20~0.30
2,Denny Lemaster,Right Handed,73,182,0.13,4,24.0622122691558,Normal,0.20~0.30
3,Joe Nolan,Left Handed,71,175,0.263,27,24.4585798724175,Normal,0.20~0.30
4,Denny Doyle,Left Handed,69,175,0.25,16,25.8970176720976,Overweight,0.20~0.30
5,Jose Cardenal,Right Handed,70,150,0.275,138,21.5677611318117,Normal,0.20~0.30
6,Mike Ryan,Right Handed,74,205,0.193,28,26.375476085835,Overweight,0.20~0.30
7,Fritz Peterson,Both Handed,72,185,0.159,2,25.1429725642841,Overweight,0.20~0.30
8,Dick Bertell,Right Handed,72,200,0.25,10,27.1815919613882,Overweight,0.20~0.30
9,Rod Kanehl,Right Handed,73,180,0.241,6,23.7977923541101,Normal,0.20~0.30
10,Ozzie Osborn,Right Handed,74,195,0,0,25.088867496282,Overweight,0.20~0.30
11,John LaRose,Left Handed,73,185,0,0,24.4588421417243,Normal,0.20~0.30
12,Jeff Byrd,Right Handed,75,195,0,0,24.424291272825,Normal,0.20~0.30
13,Juan Bonilla,Right Handed,69,170,0.256,7,25.1571028814663,Overweight,0.20~0.30
14,Frank Tepedino,Left Handed,71,185,0.241,6,25.8562130079842,Overweight,0.20~0.30
15,Jerry Kutzler,Left Handed,73,175,0,0,23.1367425664959,Normal,0.20~0.30
16,Rick Wise,Right Handed,73,180,0.195,15,23.7977923541101,Normal,0.20~0.30
17,Darrell Evans,Left Handed,74,200,0.248,414,25.7321717910585,Overweight,0.20~0.30
18,Buck Martinez,Right Handed,70,190,0.225,58,27.3191641002948,Overweight,0.20~0.30
19,John Wockenfuss,Right Handed,72,190,0.262,86,25.8225123633188,Overweight,0.20~0.30
20,Tommy McCraw,Left Handed,72,183,0.246,75,24.8711566446702,Normal,0.20~0.30
21,Jeff Barkley,Both Handed,75,185,0,0,23.1717635152442,Normal,0.20~0.30
22,Eric Wilkins,Right Handed,73,190,0,0,25.1198919293384,Overweight,0.20~0.30
23,Britt Burns,Left Handed,77,215,0,0,25.5485875666089,Overweight,0.20~0.30
24,Lee Lacy,Right Handed,73,175,0.286,91,23.1367425664959,Normal,0.20~0.30
25,Pete Rose,Both Handed,71,192,0.303,160,26.834556202881,Overweight,Above 0.30
26,Danny Walton,Right Handed,72,195,0.223,28,26.5020521623535,Overweight,0.20~0.30
27,Bobby Cox,Right Handed,71,180,0.225,9,25.1573964402009,Overweight,0.20~0.30
28,Brad Wellman,Right Handed,72,170,0.231,6,23.1043531671799,Normal,0.20~0.30
29,Jeff Newman,Right Handed,74,215,0.224,63,27.6620846753879,Overweight,0.20~0.30
30,Pedro Gonzalez,Right Handed,72,176,0.244,8,23.9198009260216,Normal,0.20~0.30
31,Nardi Contreras,Right Handed,74,193,0,0,24.8315457783714,Normal,0.20~0.30
32,Tommie Reynolds,Right Handed,74,190,0.226,12,24.4455632015056,Normal,0.20~0.30
33,Gene Clines,Right Handed,69,170,0.277,5,25.1571028814663,Overweight,0.20~0.30
34,Jim Hickman,Right Handed,75,192,0.252,159,24.0485329455507,Normal,0.20~0.30
35,Jack Billingham,Right Handed,76,195,0.111,0,23.7857753479294,Normal,0.20~0.30
36,Jerry Buchek,Right Handed,71,185,0.22,22,25.8562130079842,Overweight,0.20~0.30
37,Ivan DeJesus,Right Handed,71,175,0.254,21,24.4585798724175,Normal,0.20~0.30
38,Gary Nolan,Right Handed,74,197,0.138,1,25.3461892141926,Overweight,0.20~0.30
39,Gil Patterson,Right Handed,73,185,0,0,24.4588421417243,Normal,0.20~0.30
40,Fred Whitfield,Left Handed,73,190,0.253,108,25.1198919293384,Overweight,0.20~0.30
41,Larry Dierker,Right Handed,76,215,0.136,4,26.2253420502812,Overweight,0.20~0.30
42,Dave Skaggs,Right Handed,74,200,0.241,3,25.7321717910585,Overweight,0.20~0.30
43,Dick Ruthven,Right Handed,75,190,0.183,1,23.7980273940346,Normal,0.20~0.30
44,Jerry Garvin,Left Handed,75,195,0,0,24.424291272825,Normal,0.20~0.30
45,Steve Eddy,Right Handed,74,185,0,0,23.8022589067291,Normal,0.20~0.30
46,Dave Kingman,Right Handed,78,210,0.236,442,24.3186787252183,Normal,0.20~0.30
47,Eric Soderholm,Right Handed,71,187,0.264,102,26.1357396350976,Overweight,0.20~0.30
48,Kevin Mmahat,Left Handed,77,220,0,0,26.1427407658323,Overweight,0.20~0.30
49,Ed Brinkman,Right Handed,72,170,0.224,60,23.1043531671799,Normal,0.20~0.30
50,Wayne Garrett,Left Handed,71,175,0.239,61,24.4585798724175,Normal,0.20~0.30
51,Tony Muser,Left Handed,74,180,0.259,7,23.1589546119526,Normal,0.20~0.30
52,Jim Siwy,Right Handed,76,200,0,0,24.3956670235174,Normal,0.20~0.30
53,Bud Anderson,Right Handed,75,210,0,0,26.3030829091961,Overweight,0.20~0.30
54,Ted Ford,Right Handed,70,180,0.219,17,25.881313358174,Overweight,0.20~0.30
55,Kevin Stanfield,Left Handed,72,190,0,0,25.8225123633188,Overweight,0.20~0.30
56,Jim Lyttle,Left Handed,72,180,0.248,9,24.4634327652494,Normal,0.20~0.30
57,John Butcher,Right Handed,76,185,0,0,22.5659919967536,Normal,0.20~0.30
58,Jerry Ujdur,Right Handed,73,195,0,0,25.7809417169526,Overweight,0.20~0.30
59,Scot Thompson,Left Handed,75,195,0.262,5,24.424291272825,Normal,0.20~0.30
60,Gene Locklear,Left Handed,70,165,0.274,9,23.7245372449929,Normal,0.20~0.30
61,Bo Diaz,Right Handed,71,185,0.255,87,25.8562130079842,Overweight,0.20~0.30
62,Bump Wills,Both Handed,69,172,0.266,36,25.4530687977188,Overweight,0.20~0.30
63,Brian Denman,Right Handed,76,205,0,0,25.0055586991053,Overweight,0.20~0.30
64,Pat Putnam,Left Handed,72,205,0.255,63,27.8611317604229,Overweight,0.20~0.30
65,Kurt Bevacqua,Right Handed,72,180,0.236,27,24.4634327652494,Normal,0.20~0.30
66,Bob Fallon,Left Handed,75,200,0,0,25.0505551516153,Overweight,0.20~0.30
67,Syd O'Brien,Right Handed,73,185,0.23,24,24.4588421417243,Normal,0.20~0.30
68,Chris Chambliss,Left Handed,73,195,0.279,185,25.7809417169526,Overweight,0.20~0.30
69,Tom Satriano,Left Handed,73,185,0.225,21,24.4588421417243,Normal,0.20~0.30
70,Jeffrey Leonard,Right Handed,74,200,0.266,144,25.7321717910585,Overweight,0.20~0.30
71,Dal Maxvill,Right Handed,71,157,0.217,6,21.9428402283974,Normal,0.20~0.30
72,Steve Curry,Right Handed,78,217,0,0,25.1293013493922,Overweight,0.20~0.30
73,Cesar Tovar,Right Handed,69,155,0.278,46,22.9373585095722,Normal,0.20~0.30
74,Mickey Lolich,Both Handed,73,170,0.11,0,22.4756927788818,Normal,0.20~0.30
75,Ray Chadwick,Both Handed,74,180,0,0,23.1589546119526,Normal,0.20~0.30
76,Jack Heidemann,Right Handed,72,175,0.211,9,23.7838929662147,Normal,0.20~0.30
77,Rich Rollins,Right Handed,70,185,0.269,77,26.6002387292344,Overweight,0.20~0.30
78,Walt Bond,Left Handed,79,228,0.256,41,25.7389336500134,Overweight,0.20~0.30
79,Merv Rettenmund,Right Handed,70,190,0.271,66,27.3191641002948,Overweight,0.20~0.30
80,Bryan Clutterbuck,Right Handed,76,223,0,0,27.2011687312219,Overweight,0.20~0.30
81,Byron Browne,Right Handed,74,190,0.236,30,24.4455632015056,Normal,0.20~0.30
82,Hector Torres,Right Handed,72,175,0.216,18,23.7838929662147,Normal,0.20~0.30
83,Walt Williams,Right Handed,66,165,0.27,33,26.6873811984538,Overweight,0.20~0.30
84,Jerry Koosman,Right Handed,74,205,0.119,2,26.375476085835,Overweight,0.20~0.30
85,Steve Lombardozzi,Right Handed,72,175,0.233,20,23.7838929662147,Normal,0.20~0.30
86,Joe Azcue,Right Handed,72,190,0.252,50,25.8225123633188,Overweight,0.20~0.30
87,Elliott Maddox,Right Handed,71,180,0.261,18,25.1573964402009,Overweight,0.20~0.30
88,Omar Moreno,Left Handed,74,180,0.252,37,23.1589546119526,Normal,0.20~0.30
89,Julian Javier,Right Handed,73,175,0.257,78,23.1367425664959,Normal,0.20~0.30
90,Tony Ferreira,Left Handed,73,160,0,0,21.1535932036534,Normal,0.20~0.30
91,Elio Chacon,Right Handed,69,160,0.232,4,23.6772733002035,Normal,0.20~0.30
92,Rusty Torres,Both Handed,70,175,0.212,35,25.1623879871136,Overweight,0.20~0.30
93,John Stearns,Right Handed,72,185,0.26,46,25.1429725642841,Overweight,0.20~0.30
94,Larry Brown,Right Handed,70,160,0.233,47,23.0056118739325,Normal,0.20~0.30
95,Tommy Dean,Right Handed,72,165,0.18,4,22.4248133681452,Normal,0.20~0.30
96,Bryan Oelkers,Left Handed,75,192,0,0,24.0485329455507,Normal,0.20~0.30
97,Kevin Bearse,Left Handed,74,195,0,0,25.088867496282,Overweight,0.20~0.30
98,Marty Martinez,Both Handed,72,170,0.243,0,23.1043531671799,Normal,0.20~0.30
99,Bruce Boisclair,Left Handed,74,185,0.263,10,23.8022589067291,Normal,0.20~0.30
100,Ken Singleton,Both Handed,76,210,0.282,246,25.6154503746932,Overweight,0.20~0.30
101,Frank White,Right Handed,71,165,0.255,160,23.0609467368508,Normal,0.20~0.30
102,Jim Fairey,Left Handed,70,190,0.235,7,27.3191641002948,Overweight,0.20~0.30
103,Jose Roman,Right Handed,72,175,0,0,23.7838929662147,Normal,0.20~0.30
104,Tom Brookens,Right Handed,70,165,0.246,71,23.7245372449929,Normal,0.20~0.30
105,Gary Thomasson,Left Handed,73,180,0.249,61,23.7977923541101,Normal,0.20~0.30
106,Mike Trujillo,Right Handed,73,180,0,0,23.7977923541101,Normal,0.20~0.30
107,Albert Williams,Right Handed,76,190,0,0,23.1758836723415,Normal,0.20~0.30
108,Oswaldo Peraza,Right Handed,76,172,0,0,20.9802736402249,Normal,0.20~0.30
109,Otto Velez,Right Handed,72,170,0.251,78,23.1043531671799,Normal,0.20~0.30
110,Tony Scott,Both Handed,72,164,0.249,17,22.2889054083383,Normal,0.20~0.30
111,Ray Oyler,Right Handed,71,165,0.175,15,23.0609467368508,Normal,0.20~0.30
112,Barry Cort,Right Handed,77,210,0,0,24.9544343673854,Normal,0.20~0.30
113,Floyd Robinson,Left Handed,69,175,0.283,67,25.8970176720976,Overweight,0.20~0.30
114,Steve Jeltz,Both Handed,71,180,0.21,5,25.1573964402009,Overweight,0.20~0.30
115,Lou Brock,Left Handed,71,170,0.293,149,23.7597633046342,Normal,0.20~0.30
116,Bill Wilkinson,Right Handed,70,160,0,0,23.0056118739325,Normal,0.20~0.30
117,Joe Lovitto,Both Handed,72,185,0.216,4,25.1429725642841,Overweight,0.20~0.30
118,Mike Loynd,Right Handed,76,210,0,0,25.6154503746932,Overweight,0.20~0.30
119,Wayne Comer,Right Handed,70,175,0.229,16,25.1623879871136,Overweight,0.20~0.30
120,Dave Collins,Both Handed,71,175,0.272,32,24.4585798724175,Normal,0.20~0.30
121,Ed Spiezio,Right Handed,71,180,0.238,39,25.1573964402009,Overweight,0.20~0.30
122,Rico Petrocelli,Right Handed,72,175,0.251,210,23.7838929662147,Normal,0.20~0.30
123,Johnny Lewis,Left Handed,73,189,0.227,22,24.9876819718156,Normal,0.20~0.30
124,Dick Simpson,Right Handed,76,176,0.207,15,21.4681869806953,Normal,0.20~0.30
125,Ken Boswell,Left Handed,72,170,0.248,31,23.1043531671799,Normal,0.20~0.30
126,Ken McMullen,Right Handed,75,190,0.248,156,23.7980273940346,Normal,0.20~0.30
127,Randy Scarbery,Both Handed,73,185,0,0,24.4588421417243,Normal,0.20~0.30
128,Steve Swisher,Right Handed,74,205,0.216,20,26.375476085835,Overweight,0.20~0.30
129,Ben Callahan,Right Handed,79,230,0,0,25.9647137697503,Overweight,0.20~0.30
130,Dick Howser,Right Handed,68,155,0.248,16,23.616947202438,Normal,0.20~0.30
131,Manny Castillo,Both Handed,69,160,0.242,3,23.6772733002035,Normal,0.20~0.30
132,Mike Ramsey,Both Handed,73,170,0.24,2,22.4756927788818,Normal,0.20~0.30
133,Willie Crawford,Left Handed,73,197,0.268,86,26.0453616319983,Overweight,0.20~0.30
134,Bobby Cuellar,Right Handed,71,188,0,0,26.2755029486543,Overweight,0.20~0.30
135,Willie Norwood,Right Handed,72,185,0.242,18,25.1429725642841,Overweight,0.20~0.30
136,Mike Jones,Left Handed,78,215,0,0,24.8976948853425,Normal,0.20~0.30
137,Jeff Stone,Left Handed,72,175,0.277,11,23.7838929662147,Normal,0.20~0.30
138,Ramon Manon,Right Handed,72,150,0,0,20.3861939710411,Normal,0.20~0.30
139,Joe Lahoud,Left Handed,73,198,0.223,65,26.1775715895211,Overweight,0.20~0.30
140,Tim Flannery,Left Handed,71,175,0.255,9,24.4585798724175,Normal,0.20~0.30
141,Dave McKay,Both Handed,73,195,0.229,21,25.7809417169526,Overweight,0.20~0.30
142,John Trautwein,Right Handed,75,205,0,0,25.6768190304057,Overweight,0.20~0.30
143,Andy Replogle,Right Handed,77,205,0,0,24.360281168162,Normal,0.20~0.30
144,Zach Crouch,Left Handed,75,180,0,0,22.5454996364538,Normal,0.20~0.30
145,Benny Ayala,Right Handed,73,185,0.251,38,24.4588421417243,Normal,0.20~0.30
146,Ron Romanick,Right Handed,76,195,0,0,23.7857753479294,Normal,0.20~0.30
147,Greg Gross,Left Handed,70,160,0.287,7,23.0056118739325,Normal,0.20~0.30
148,Bruce Tanner,Left Handed,75,220,0,0,27.5556106667769,Overweight,0.20~0.30
149,Sal Butera,Right Handed,72,190,0.227,8,25.8225123633188,Overweight,0.20~0.30
150,Jack Brohamer,Left Handed,70,165,0.245,30,23.7245372449929,Normal,0.20~0.30
151,Von Joshua,Left Handed,70,170,0.273,30,24.4434626160532,Normal,0.20~0.30
152,Eddie Milner,Left Handed,71,173,0.253,42,24.1790532453042,Normal,0.20~0.30
153,Johnny Jeter,Right Handed,73,180,0.244,18,23.7977923541101,Normal,0.20~0.30
154,Angel Salazar,Right Handed,72,180,0.212,2,24.4634327652494,Normal,0.20~0.30
155,Tony Oliva,Left Handed,73,175,0.304,220,23.1367425664959,Normal,Above 0.30
156,Cito Gaston,Right Handed,75,190,0.256,91,23.7980273940346,Normal,0.20~0.30
157,Cookie Rojas,Right Handed,70,160,0.263,54,23.0056118739325,Normal,0.20~0.30
158,Rich Morales,Right Handed,71,170,0.195,6,23.7597633046342,Normal,0.20~0.30
159,Dave Ford,Right Handed,76,190,0,0,23.1758836723415,Normal,0.20~0.30
160,Dan Ford,Right Handed,73,185,0.27,121,24.4588421417243,Normal,0.20~0.30
161,Barry Raziano,Both Handed,70,175,0,0,25.1623879871136,Overweight,0.20~0.30
162,Darryl Motley,Right Handed,69,196,0.243,44,29.0046597927493,Overweight,0.20~0.30
163,Ozzie Virgil,Right Handed,73,180,0.243,98,23.7977923541101,Normal,0.20~0.30
164,Johnny Oates,Left Handed,71,188,0.25,14,26.2755029486543,Overweight,0.20~0.30
165,Pat Underwood,Left Handed,72,175,0,0,23.7838929662147,Normal,0.20~0.30
166,Mike Phillips,Left Handed,72,170,0.24,11,23.1043531671799,Normal,0.20~0.30
167,Ron Santo,Right Handed,72,190,0.277,342,25.8225123633188,Overweight,0.20~0.30
168,Jay Johnstone,Left Handed,73,175,0.267,102,23.1367425664959,Normal,0.20~0.30
169,Jim Ray Hart,Right Handed,71,185,0.278,170,25.8562130079842,Overweight,0.20~0.30
170,Marc Hill,Right Handed,75,205,0.223,34,25.6768190304057,Overweight,0.20~0.30
171,Joel McKeon,Left Handed,72,185,0,0,25.1429725642841,Overweight,0.20~0.30
172,Danny Fife,Right Handed,75,175,0,0,21.9192357576634,Normal,0.20~0.30
173,Chico Salmon,Right Handed,70,160,0.249,31,23.0056118739325,Normal,0.20~0.30
174,Joe Niekro,Right Handed,73,185,0.156,1,24.4588421417243,Normal,0.20~0.30
175,Andy Etchebarren,Right Handed,73,190,0.235,49,25.1198919293384,Overweight,0.20~0.30
176,Ken Berry,Right Handed,72,175,0.255,58,23.7838929662147,Normal,0.20~0.30
177,Dave Concepcion,Right Handed,74,155,0.267,101,19.9424331380703,Normal,0.20~0.30
178,Junior Moore,Right Handed,71,185,0.264,7,25.8562130079842,Overweight,0.20~0.30
179,Mike Richardt,Right Handed,72,170,0.226,4,23.1043531671799,Normal,0.20~0.30
180,Chris Brown,Right Handed,72,185,0.269,38,25.1429725642841,Overweight,0.20~0.30
181,Al Bumbry,Left Handed,68,170,0.281,54,25.9024582220287,Overweight,0.20~0.30
182,Al Downing,Right Handed,71,175,0.127,2,24.4585798724175,Normal,0.20~0.30
183,Bob Didier,Both Handed,72,190,0.229,0,25.8225123633188,Overweight,0.20~0.30
184,Jake Gibbs,Left Handed,72,180,0.233,25,24.4634327652494,Normal,0.20~0.30
185,Garry Hancock,Left Handed,72,175,0.247,12,23.7838929662147,Normal,0.20~0.30
186,Ed Kranepool,Left Handed,75,205,0.261,118,25.6768190304057,Overweight,0.20~0.30
187,Rick Rhoden,Right Handed,75,195,0.238,9,24.424291272825,Normal,0.20~0.30
188,Denny McLain,Right Handed,73,185,0.133,1,24.4588421417243,Normal,0.20~0.30
189,Chuck Hiller,Left Handed,71,170,0.243,20,23.7597633046342,Normal,0.20~0.30
190,Jorge Orta,Left Handed,70,170,0.278,130,24.4434626160532,Normal,0.20~0.30
191,Dave Cash,Right Handed,71,170,0.283,21,23.7597633046342,Normal,0.20~0.30
192,Bucky Dent,Right Handed,69,170,0.247,40,25.1571028814663,Overweight,0.20~0.30
193,Andy Beene,Right Handed,75,205,0,0,25.6768190304057,Overweight,0.20~0.30
194,Bruce Robbins,Left Handed,73,190,0,0,25.1198919293384,Overweight,0.20~0.30
195,Tony Gonzalez,Left Handed,69,170,0.286,103,25.1571028814663,Overweight,0.20~0.30
196,Leon Hooten,Right Handed,71,180,0,0,25.1573964402009,Overweight,0.20~0.30
197,Larry Haney,Right Handed,74,195,0.215,12,25.088867496282,Overweight,0.20~0.30
198,Billy Conigliaro,Right Handed,72,180,0.256,40,24.4634327652494,Normal,0.20~0.30
199,Gary Roenicke,Right Handed,75,205,0.247,121,25.6768190304057,Overweight,0.20~0.30
200,Don Lock,Right Handed,74,195,0.238,122,25.088867496282,Overweight,0.20~0.30
201,Billy Cowan,Right Handed,72,170,0.236,40,23.1043531671799,Normal,0.20~0.30
202,Billy Smith,Both Handed,74,185,0.23,17,23.8022589067291,Normal,0.20~0.30
203,Allan Ramirez,Right Handed,70,180,0,0,25.881313358174,Overweight,0.20~0.30
204,Tony Perez,Right Handed,74,175,0.279,379,22.5156503171762,Normal,0.20~0.30
205,Chuck Schilling,Right Handed,70,160,0.239,23,23.0056118739325,Normal,0.20~0.30
206,Hal McRae,Right Handed,71,180,0.29,191,25.1573964402009,Overweight,0.20~0.30
207,Dave Roberts,Right Handed,75,215,0.239,49,26.9293467879865,Overweight,0.20~0.30
208,Brian Allard,Right Handed,73,175,0,0,23.1367425664959,Normal,0.20~0.30
209,Jim Lefebvre,Both Handed,72,180,0.251,74,24.4634327652494,Normal,0.20~0.30
210,Fernando Arroyo,Right Handed,74,180,0,0,23.1589546119526,Normal,0.20~0.30
211,Gary Beare,Right Handed,76,205,0,0,25.0055586991053,Overweight,0.20~0.30
212,Charlie Spikes,Right Handed,75,215,0.246,65,26.9293467879865,Overweight,0.20~0.30
213,Brian Dubois,Left Handed,70,165,0,0,23.7245372449929,Normal,0.20~0.30
214,Steve Whitaker,Left Handed,72,180,0.23,24,24.4634327652494,Normal,0.20~0.30
215,Manny Jimenez,Left Handed,73,185,0.272,26,24.4588421417243,Normal,0.20~0.30
216,Chris Batton,Right Handed,76,195,0,0,23.7857753479294,Normal,0.20~0.30
217,Duffy Dyer,Right Handed,72,187,0.221,30,25.4147884838979,Overweight,0.20~0.30
218,Ken Henderson,Both Handed,74,180,0.257,122,23.1589546119526,Normal,0.20~0.30
219,Vance Lovelace,Left Handed,77,205,0,0,24.360281168162,Normal,0.20~0.30
220,Greg Thayer,Right Handed,71,182,0,0,25.4369230673142,Overweight,0.20~0.30
221,Vern Fuller,Right Handed,73,170,0.232,14,22.4756927788818,Normal,0.20~0.30
222,Paul Hartzell,Right Handed,77,200,0,0,23.7661279689385,Normal,0.20~0.30
223,Wayne Gross,Left Handed,74,210,0.233,121,27.0187803806114,Overweight,0.20~0.30
224,Mike Champion,Right Handed,72,185,0.229,2,25.1429725642841,Overweight,0.20~0.30
225,Ralph Botting,Left Handed,72,195,0,0,26.5020521623535,Overweight,0.20~0.30
226,Paul Casanova,Right Handed,76,180,0.225,50,21.9561003211656,Normal,0.20~0.30
227,Steve Rogers,Right Handed,74,175,0.138,0,22.5156503171762,Normal,0.20~0.30
228,Keith Creel,Right Handed,74,180,0,0,23.1589546119526,Normal,0.20~0.30
229,Terry Crowley,Left Handed,72,180,0.25,42,24.4634327652494,Normal,0.20~0.30
230,Horace Clarke,Both Handed,69,170,0.256,27,25.1571028814663,Overweight,0.20~0.30
231,Lou Clinton,Right Handed,73,185,0.247,65,24.4588421417243,Normal,0.20~0.30
232,Larry Cox,Right Handed,70,178,0.221,12,25.5937432097499,Overweight,0.20~0.30
233,Nate Colbert,Right Handed,74,190,0.243,173,24.4455632015056,Normal,0.20~0.30
234,Phil Roof,Right Handed,74,190,0.215,43,24.4455632015056,Normal,0.20~0.30
235,Chuck Hinton,Right Handed,73,180,0.264,113,23.7977923541101,Normal,0.20~0.30
236,Tim Cullen,Right Handed,73,185,0.22,9,24.4588421417243,Normal,0.20~0.30
237,Tim Harkness,Left Handed,74,182,0.235,14,23.4162763298632,Normal,0.20~0.30
238,Rick Bosetti,Right Handed,71,185,0.25,17,25.8562130079842,Overweight,0.20~0.30
239,Ron Pruitt,Right Handed,72,185,0.269,12,25.1429725642841,Overweight,0.20~0.30
240,George Foster,Right Handed,73,180,0.274,348,23.7977923541101,Normal,0.20~0.30
241,Jerry White,Both Handed,70,164,0.253,21,23.5807521707808,Normal,0.20~0.30
242,Angel Mangual,Right Handed,70,178,0.245,22,25.5937432097499,Overweight,0.20~0.30
243,Ken Gerhart,Right Handed,72,190,0.221,24,25.8225123633188,Overweight,0.20~0.30
244,Mike Hershberger,Right Handed,70,175,0.252,26,25.1623879871136,Overweight,0.20~0.30
245,Jim French,Left Handed,68,180,0.196,5,27.4261322350892,Overweight,0.20~0.30
246,Dave Roberts,Left Handed,75,195,0.194,7,24.424291272825,Normal,0.20~0.30
247,Jim Mason,Left Handed,74,185,0.203,12,23.8022589067291,Normal,0.20~0.30
248,Mike Smith,Right Handed,75,180,0,0,22.5454996364538,Normal,0.20~0.30
249,Willie Smith,Left Handed,72,182,0.248,46,24.7352486848632,Normal,0.20~0.30
250,T.R. Bryden,Right Handed,76,190,0,0,23.1758836723415,Normal,0.20~0.30
251,Jose Arcia,Right Handed,75,170,0.215,1,21.292971878873,Normal,0.20~0.30
252,Leon Durham,Left Handed,73,185,0.277,147,24.4588421417243,Normal,0.20~0.30
253,Tom Makowski,Right Handed,71,185,0,0,25.8562130079842,Overweight,0.20~0.30
254,Paul Householder,Both Handed,72,180,0.236,29,24.4634327652494,Normal,0.20~0.30
255,Aurelio Rodriguez,Right Handed,70,180,0.237,124,25.881313358174,Overweight,0.20~0.30
256,Jimmy Stewart,Both Handed,72,165,0.237,8,22.4248133681452,Normal,0.20~0.30
257,Dick Phillips,Left Handed,72,180,0.229,12,24.4634327652494,Normal,0.20~0.30
258,Andres Thomas,Right Handed,73,170,0.234,42,22.4756927788818,Normal,0.20~0.30
259,Ed Crosby,Left Handed,74,175,0.22,0,22.5156503171762,Normal,0.20~0.30
260,Mike de la Hoz,Right Handed,71,175,0.251,25,24.4585798724175,Normal,0.20~0.30
261,Frank Taveras,Right Handed,72,155,0.255,2,21.0657337700758,Normal,0.20~0.30
262,Joe Nossek,Right Handed,72,178,0.228,3,24.1916168456355,Normal,0.20~0.30
263,Larry Stahl,Left Handed,72,175,0.232,36,23.7838929662147,Normal,0.20~0.30
264,Jose Cruz,Left Handed,72,170,0.284,165,23.1043531671799,Normal,0.20~0.30
265,Don Mason,Left Handed,71,160,0.205,3,22.3621301690675,Normal,0.20~0.30
266,Bill Robinson,Right Handed,74,189,0.258,166,24.3169023425503,Normal,0.20~0.30
267,Jim Umbarger,Left Handed,78,200,0,0,23.1606464049698,Normal,0.20~0.30
268,Sal Bando,Right Handed,72,195,0.254,242,26.5020521623535,Overweight,0.20~0.30
269,George Mitterwald,Right Handed,74,195,0.236,76,25.088867496282,Overweight,0.20~0.30
270,Mike Darr,Right Handed,76,190,0,0,23.1758836723415,Normal,0.20~0.30
271,Craig Robinson,Right Handed,70,165,0.219,0,23.7245372449929,Normal,0.20~0.30
272,Bob Tillman,Right Handed,76,205,0.232,79,25.0055586991053,Overweight,0.20~0.30
273,Curt Wardle,Left Handed,77,220,0,0,26.1427407658323,Overweight,0.20~0.30
274,Pat Corrales,Right Handed,72,180,0.216,4,24.4634327652494,Normal,0.20~0.30
275,Mike Tyson,Right Handed,69,170,0.241,27,25.1571028814663,Overweight,0.20~0.30
276,Rafael Landestoy,Both Handed,70,165,0.237,4,23.7245372449929,Normal,0.20~0.30
277,Duane Josephson,Right Handed,72,190,0.258,23,25.8225123633188,Overweight,0.20~0.30
278,Duane Walker,Left Handed,72,185,0.229,24,25.1429725642841,Overweight,0.20~0.30
279,Glenn Hubbard,Right Handed,69,150,0.244,70,22.1974437189408,Normal,0.20~0.30
280,Roger Freed,Right Handed,72,190,0.245,22,25.8225123633188,Overweight,0.20~0.30
281,George Hendrick,Right Handed,75,195,0.278,267,24.424291272825,Normal,0.20~0.30
282,Rod Carew,Left Handed,72,170,0.328,92,23.1043531671799,Normal,Above 0.30
283,Bob Davis,Right Handed,72,180,0.197,6,24.4634327652494,Normal,0.20~0.30
284,Toby Harrah,Right Handed,72,175,0.264,195,23.7838929662147,Normal,0.20~0.30
285,Rick Manning,Left Handed,73,180,0.257,56,23.7977923541101,Normal,0.20~0.30
286,Israel Sanchez,Left Handed,69,170,0,0,25.1571028814663,Overweight,0.20~0.30
287,Steve Burke,Both Handed,74,200,0,0,25.7321717910585,Overweight,0.20~0.30
288,Gary Matthews,Right Handed,74,185,0.281,234,23.8022589067291,Normal,0.20~0.30
289,Cesar Geronimo,Left Handed,72,165,0.258,51,22.4248133681452,Normal,0.20~0.30
290,Billy Bryan,Left Handed,76,200,0.216,41,24.3956670235174,Normal,0.20~0.30
291,Terry Taylor,Right Handed,73,180,0,0,23.7977923541101,Normal,0.20~0.30
292,Terry Whitfield,Left Handed,73,197,0.281,33,26.0453616319983,Overweight,0.20~0.30
293,Mario Mendoza,Right Handed,71,170,0.215,4,23.7597633046342,Normal,0.20~0.30
294,Fred Lynn,Left Handed,73,185,0.283,306,24.4588421417243,Normal,0.20~0.30
295,Larry Hisle,Right Handed,74,193,0.273,166,24.8315457783714,Normal,0.20~0.30
296,Graig Nettles,Left Handed,72,180,0.248,390,24.4634327652494,Normal,0.20~0.30
297,Randy Nosek,Right Handed,76,215,0,0,26.2253420502812,Overweight,0.20~0.30
298,Dave Engle,Right Handed,75,210,0.262,31,26.3030829091961,Overweight,0.20~0.30
299,Narciso Elvira,Left Handed,70,160,0,0,23.0056118739325,Normal,0.20~0.30
300,Mike Easler,Left Handed,72,190,0.293,118,25.8225123633188,Overweight,0.20~0.30
301,Mark Smith,Right Handed,74,215,0,0,27.6620846753879,Overweight,0.20~0.30
302,Paul Mitchell,Right Handed,73,195,0,0,25.7809417169526,Overweight,0.20~0.30
303,Rick Sweet,Both Handed,73,200,0.234,6,26.4419915045668,Overweight,0.20~0.30
304,Thurman Munson,Right Handed,71,190,0.292,113,26.5550295757676,Overweight,0.20~0.30
305,Rick Monday,Left Handed,75,193,0.264,241,24.1737857213088,Normal,0.20~0.30
306,Mike Sadek,Right Handed,69,165,0.226,5,24.4171880908349,Normal,0.20~0.30
307,Mark Belanger,Right Handed,73,170,0.228,20,22.4756927788818,Normal,0.20~0.30
308,Ron Hunt,Right Handed,72,186,0.273,39,25.278880524091,Overweight,0.20~0.30
309,Joe Keough,Left Handed,72,185,0.246,9,25.1429725642841,Overweight,0.20~0.30
310,Butch Edge,Right Handed,75,203,0,0,25.4263134788896,Overweight,0.20~0.30
311,Vic Correll,Right Handed,70,185,0.229,29,26.6002387292344,Overweight,0.20~0.30
312,Jackie Hernandez,Right Handed,71,165,0.208,12,23.0609467368508,Normal,0.20~0.30
313,Tony Solaita,Left Handed,72,210,0.255,50,28.5406715594576,Overweight,0.20~0.30
314,U L Washington,Both Handed,71,175,0.251,27,24.4585798724175,Normal,0.20~0.30
315,Gary Mielke,Right Handed,75,185,0,0,23.1717635152442,Normal,0.20~0.30
316,Rick Henninger,Right Handed,78,225,0,0,26.055727205591,Overweight,0.20~0.30
317,Joe Foy,Right Handed,72,215,0.248,58,29.2202113584923,Overweight,0.20~0.30
318,Ed Goodson,Left Handed,75,180,0.26,30,22.5454996364538,Normal,0.20~0.30
319,Mark Brown,Both Handed,74,190,0,0,24.4455632015056,Normal,0.20~0.30
320,Mickey Klutts,Right Handed,71,170,0.241,14,23.7597633046342,Normal,0.20~0.30
321,Leroy Stanton,Right Handed,73,195,0.244,77,25.7809417169526,Overweight,0.20~0.30
322,Rafael Vasquez,Right Handed,72,160,0,0,21.7452735691105,Normal,0.20~0.30
323,Len Whitehouse,Left Handed,71,175,0,0,24.4585798724175,Normal,0.20~0.30
324,Danny Ainge,Right Handed,76,175,0.22,2,21.3462086455777,Normal,0.20~0.30
325,Adolfo Phillips,Right Handed,73,175,0.247,59,23.1367425664959,Normal,0.20~0.30
326,Marv Breeding,Right Handed,72,175,0.25,7,23.7838929662147,Normal,0.20~0.30
327,Steve Adkins,Right Handed,78,210,0,0,24.3186787252183,Normal,0.20~0.30
328,Dick McAuliffe,Left Handed,71,176,0.247,197,24.5983431859742,Normal,0.20~0.30
329,Joe Horlen,Right Handed,72,170,0.134,0,23.1043531671799,Normal,0.20~0.30
330,Glenn Burke,Right Handed,72,195,0.237,2,26.5020521623535,Overweight,0.20~0.30
331,Tony Mack,Right Handed,70,177,0,0,25.4499581355378,Overweight,0.20~0.30
332,Terry Humphrey,Right Handed,75,185,0.211,6,23.1717635152442,Normal,0.20~0.30
333,Bill Moran,Right Handed,76,210,0,0,25.6154503746932,Overweight,0.20~0.30
334,Enzo Hernandez,Right Handed,68,155,0.224,2,23.616947202438,Normal,0.20~0.30
335,Cesar Gutierrez,Right Handed,69,155,0.235,0,22.9373585095722,Normal,0.20~0.30
336,Coco Laboy,Right Handed,70,165,0.233,28,23.7245372449929,Normal,0.20~0.30
337,Ted Kubiak,Both Handed,72,175,0.231,13,23.7838929662147,Normal,0.20~0.30
338,Jim Morrison,Right Handed,71,175,0.26,112,24.4585798724175,Normal,0.20~0.30
339,Tom Gilles,Right Handed,73,185,0,0,24.4588421417243,Normal,0.20~0.30
340,Bobby Knoop,Right Handed,73,170,0.236,56,22.4756927788818,Normal,0.20~0.30
341,Bobby Brown,Both Handed,74,190,0.245,26,24.4455632015056,Normal,0.20~0.30
342,Tom Hutton,Left Handed,71,180,0.248,22,25.1573964402009,Overweight,0.20~0.30
343,Ron Hodges,Left Handed,73,185,0.24,19,24.4588421417243,Normal,0.20~0.30
344,Rich Chiles,Left Handed,71,170,0.254,6,23.7597633046342,Normal,0.20~0.30
345,Tom Paciorek,Right Handed,76,215,0.282,86,26.2253420502812,Overweight,0.20~0.30
346,Gary Woods,Right Handed,74,185,0.243,13,23.8022589067291,Normal,0.20~0.30
347,Bob Montgomery,Right Handed,73,195,0.258,23,25.7809417169526,Overweight,0.20~0.30
348,Jeff Burroughs,Right Handed,73,200,0.261,240,26.4419915045668,Overweight,0.20~0.30
349,Rusty Staub,Left Handed,74,190,0.279,292,24.4455632015056,Normal,0.20~0.30
350,Jim Norris,Left Handed,70,175,0.264,7,25.1623879871136,Overweight,0.20~0.30
351,Oscar Gamble,Left Handed,71,160,0.265,200,22.3621301690675,Normal,0.20~0.30
352,Bob Kammeyer,Right Handed,76,210,0,0,25.6154503746932,Overweight,0.20~0.30
353,George Vukovich,Left Handed,72,198,0.268,27,26.9097760417743,Overweight,0.20~0.30
354,Joe Pactwa,Left Handed,71,185,0,0,25.8562130079842,Overweight,0.20~0.30
355,Craig Reynolds,Left Handed,73,175,0.256,42,23.1367425664959,Normal,0.20~0.30
356,Paul Blair,Right Handed,72,168,0.25,134,22.8325372475661,Normal,0.20~0.30
357,Al Cowens,Right Handed,73,197,0.27,108,26.0453616319983,Overweight,0.20~0.30
358,Al Oliver,Left Handed,72,195,0.303,219,26.5020521623535,Overweight,Above 0.30
359,Dave Hilton,Right Handed,71,191,0.213,6,26.6947928893243,Overweight,0.20~0.30
360,Luis Alvarado,Right Handed,69,162,0.214,5,23.9732392164561,Normal,0.20~0.30
361,Larry Parrish,Right Handed,75,190,0.263,256,23.7980273940346,Normal,0.20~0.30
362,Woodie Fryman,Right Handed,75,197,0.138,2,24.6747968243411,Normal,0.20~0.30
363,Bob Randall,Right Handed,74,175,0.257,1,22.5156503171762,Normal,0.20~0.30
364,Jim Pankovits,Right Handed,70,170,0.25,9,24.4434626160532,Normal,0.20~0.30
365,Sherman Corbett,Left Handed,76,205,0,0,25.0055586991053,Overweight,0.20~0.30
366,Carmen Fanzone,Right Handed,72,200,0.224,20,27.1815919613882,Overweight,0.20~0.30
367,Gary Allenson,Right Handed,71,185,0.221,19,25.8562130079842,Overweight,0.20~0.30
368,Milt May,Left Handed,72,190,0.263,77,25.8225123633188,Overweight,0.20~0.30
369,Mike Vail,Right Handed,73,180,0.279,34,23.7977923541101,Normal,0.20~0.30
370,Nick Esasky,Right Handed,75,200,0.25,122,25.0505551516153,Overweight,0.20~0.30
371,Jim Nettles,Left Handed,72,186,0.22,16,25.278880524091,Overweight,0.20~0.30
372,Lafayette Currence,Both Handed,71,175,0,0,24.4585798724175,Normal,0.20~0.30
373,Chris Cannizzaro,Right Handed,72,190,0.235,18,25.8225123633188,Overweight,0.20~0.30
374,Larry Biittner,Left Handed,74,205,0.273,29,26.375476085835,Overweight,0.20~0.30
375,John Pawlowski,Right Handed,74,175,0,0,22.5156503171762,Normal,0.20~0.30
376,Mel Stottlemyre,Right Handed,73,178,0.16,7,23.5333724390644,Normal,0.20~0.30
377,Jack Hardy,Right Handed,74,175,0,0,22.5156503171762,Normal,0.20~0.30
378,Ron Musselman,Right Handed,74,185,0,0,23.8022589067291,Normal,0.20~0.30
379,Roy Smalley,Both Handed,73,185,0.257,163,24.4588421417243,Normal,0.20~0.30
380,Tony Chevez,Right Handed,71,177,0,0,24.7381064995309,Normal,0.20~0.30
381,Andy Messersmith,Right Handed,73,200,0.17,5,26.4419915045668,Overweight,0.20~0.30
382,Richie Zisk,Right Handed,73,200,0.287,207,26.4419915045668,Overweight,0.20~0.30
383,Dave Chalk,Right Handed,70,175,0.252,15,25.1623879871136,Overweight,0.20~0.30
384,Don Baylor,Right Handed,73,190,0.26,338,25.1198919293384,Overweight,0.20~0.30
385,John Vukovich,Right Handed,73,187,0.161,6,24.7232620567699,Normal,0.20~0.30
386,Danny Thompson,Right Handed,72,183,0.248,15,24.8711566446702,Normal,0.20~0.30
387,Joe Simpson,Left Handed,75,175,0.242,9,21.9192357576634,Normal,0.20~0.30
388,Bill Fahey,Left Handed,72,200,0.241,7,27.1815919613882,Overweight,0.20~0.30
389,Doug Camilli,Right Handed,71,195,0.199,18,27.253846143551,Overweight,0.20~0.30
390,Bernie Allen,Left Handed,72,175,0.239,73,23.7838929662147,Normal,0.20~0.30
391,Bruce Bochy,Right Handed,75,205,0.239,26,25.6768190304057,Overweight,0.20~0.30
392,Gary Ignasiak,Right Handed,71,185,0,0,25.8562130079842,Overweight,0.20~0.30
393,Claudell Washington,Left Handed,72,190,0.278,164,25.8225123633188,Overweight,0.20~0.30
394,John Donaldson,Left Handed,71,160,0.238,4,22.3621301690675,Normal,0.20~0.30
395,Mike Smithson,Left Handed,80,215,0,0,23.6683712003788,Normal,0.20~0.30
396,John Mayberry,Left Handed,75,215,0.253,255,26.9293467879865,Overweight,0.20~0.30
397,Ken Reitz,Right Handed,72,180,0.26,68,24.4634327652494,Normal,0.20~0.30
398,Amos Otis,Right Handed,71,165,0.277,193,23.0609467368508,Normal,0.20~0.30
399,Gene Alley,Right Handed,70,160,0.254,55,23.0056118739325,Normal,0.20~0.30
400,Ted Sizemore,Right Handed,70,165,0.262,23,23.7245372449929,Normal,0.20~0.30
401,Dan Briggs,Left Handed,72,180,0.195,12,24.4634327652494,Normal,0.20~0.30
402,Joe Skalski,Right Handed,75,190,0,0,23.7980273940346,Normal,0.20~0.30
403,Doug Flynn,Right Handed,71,165,0.238,7,23.0609467368508,Normal,0.20~0.30
404,Bert Bradley,Both Handed,73,190,0,0,25.1198919293384,Overweight,0.20~0.30
405,Ken Holtzman,Right Handed,74,175,0.163,2,22.5156503171762,Normal,0.20~0.30
406,Pete Ward,Left Handed,73,185,0.254,98,24.4588421417243,Normal,0.20~0.30
407,Kevin Bell,Right Handed,72,195,0.222,13,26.5020521623535,Overweight,0.20~0.30
408,Tom Nieto,Right Handed,73,193,0.205,5,25.5165218019069,Overweight,0.20~0.30
409,Duke Sims,Left Handed,74,197,0.239,100,25.3461892141926,Overweight,0.20~0.30
410,Larvell Blanks,Right Handed,68,167,0.253,20,25.4453560181106,Overweight,0.20~0.30
411,Francisco Barrios,Right Handed,71,155,0,0,21.6633136012841,Normal,0.20~0.30
412,Mike Davis,Left Handed,74,175,0.259,91,22.5156503171762,Normal,0.20~0.30
413,Jerry Reuss,Left Handed,77,200,0.167,1,23.7661279689385,Normal,0.20~0.30
414,Steve Yeager,Right Handed,72,190,0.228,102,25.8225123633188,Overweight,0.20~0.30
415,Danny Goodwin,Left Handed,73,195,0.236,13,25.7809417169526,Overweight,0.20~0.30
416,Bud Harrelson,Both Handed,71,160,0.236,7,22.3621301690675,Normal,0.20~0.30
417,Bob Knepper,Left Handed,75,195,0.137,6,24.424291272825,Normal,0.20~0.30
418,Mickey Rivers,Left Handed,70,165,0.295,61,23.7245372449929,Normal,0.20~0.30
419,Jim Northrup,Left Handed,75,190,0.267,153,23.7980273940346,Normal,0.20~0.30
420,John Hale,Left Handed,74,195,0.201,14,25.088867496282,Overweight,0.20~0.30
421,Reggie Ritter,Left Handed,74,195,0,0,25.088867496282,Overweight,0.20~0.30
422,Pedro Garcia,Right Handed,70,175,0.22,37,25.1623879871136,Overweight,0.20~0.30
423,Carl Yastrzemski,Left Handed,71,175,0.285,452,24.4585798724175,Normal,0.20~0.30
424,Bob Babcock,Right Handed,77,210,0,0,24.9544343673854,Normal,0.20~0.30
425,Craig Eaton,Right Handed,71,175,0,0,24.4585798724175,Normal,0.20~0.30
426,Derrel Thomas,Both Handed,72,160,0.249,43,21.7452735691105,Normal,0.20~0.30
427,Art Howe,Right Handed,74,190,0.26,43,24.4455632015056,Normal,0.20~0.30
428,Ike Brown,Right Handed,72,190,0.256,20,25.8225123633188,Overweight,0.20~0.30
429,Howie Goss,Right Handed,76,204,0.216,11,24.8835803639877,Normal,0.20~0.30
430,Glenn Borgmann,Right Handed,76,210,0.229,16,25.6154503746932,Overweight,0.20~0.30
431,Lamar Johnson,Right Handed,74,215,0.287,64,27.6620846753879,Overweight,0.20~0.30
432,Julio Gonzalez,Right Handed,71,162,0.235,4,22.6416567961808,Normal,0.20~0.30
433,Bobby Klaus,Right Handed,70,170,0.208,6,24.4434626160532,Normal,0.20~0.30
434,Manny Sanguillen,Right Handed,72,193,0.296,65,26.2302362427396,Overweight,0.20~0.30
435,Gates Brown,Left Handed,71,220,0.257,84,30.7479289824678,Overweight,0.20~0.30
436,Johnny Ray,Both Handed,71,170,0.29,53,23.7597633046342,Normal,0.20~0.30
437,Jesus Alou,Right Handed,74,190,0.28,32,24.4455632015056,Normal,0.20~0.30
438,Ken Landreaux,Left Handed,70,165,0.268,91,23.7245372449929,Normal,0.20~0.30
439,Enos Cabell,Right Handed,76,170,0.277,60,20.7363169699898,Normal,0.20~0.30
440,Roy Branch,Right Handed,72,175,0,0,23.7838929662147,Normal,0.20~0.30
441,Billy North,Both Handed,71,185,0.261,20,25.8562130079842,Overweight,0.20~0.30
442,Juan Beniquez,Right Handed,71,150,0.274,79,20.9644970335007,Normal,0.20~0.30
443,Frank Fernandez,Right Handed,72,185,0.199,39,25.1429725642841,Overweight,0.20~0.30
444,Bombo Rivera,Right Handed,70,187,0.265,10,26.8878088776586,Overweight,0.20~0.30
445,Steve Brye,Right Handed,72,190,0.258,30,25.8225123633188,Overweight,0.20~0.30
446,Ron Jackson,Right Handed,72,200,0.259,56,27.1815919613882,Overweight,0.20~0.30
447,Roger Metzger,Both Handed,72,165,0.231,5,22.4248133681452,Normal,0.20~0.30
448,Rufino Linares,Right Handed,72,170,0.27,11,23.1043531671799,Normal,0.20~0.30
449,Ray Webster,Left Handed,72,185,0.244,17,25.1429725642841,Overweight,0.20~0.30
450,Bob Kearney,Right Handed,72,190,0.233,27,25.8225123633188,Overweight,0.20~0.30
451,Fergie Jenkins,Right Handed,77,205,0.165,13,24.360281168162,Normal,0.20~0.30
452,Dick Dietz,Right Handed,73,195,0.261,66,25.7809417169526,Overweight,0.20~0.30
453,Ted Cox,Right Handed,75,195,0.245,10,24.424291272825,Normal,0.20~0.30
454,Bobby Mitchell,Left Handed,70,170,0.243,3,24.4434626160532,Normal,0.20~0.30
455,Bobby Mitchell,Right Handed,75,185,0.235,21,23.1717635152442,Normal,0.20~0.30
456,Barry Evans,Right Handed,73,180,0.251,2,23.7977923541101,Normal,0.20~0.30
457,Mickey Brantley,Right Handed,70,180,0.259,32,25.881313358174,Overweight,0.20~0.30
458,Al Gallagher,Right Handed,72,180,0.263,11,24.4634327652494,Normal,0.20~0.30
459,Rob Woodward,Right Handed,75,185,0,0,23.1717635152442,Normal,0.20~0.30
460,Hector Cruz,Right Handed,71,170,0.225,39,23.7597633046342,Normal,0.20~0.30
461,Fred Norman,Both Handed,68,155,0.125,0,23.616947202438,Normal,0.20~0.30
462,Woody Woodward,Right Handed,74,180,0.236,1,23.1589546119526,Normal,0.20~0.30
463,Ted Martinez,Right Handed,72,165,0.24,7,22.4248133681452,Normal,0.20~0.30
464,Jim Anderson,Right Handed,72,170,0.218,13,23.1043531671799,Normal,0.20~0.30
465,Lenn Sakata,Right Handed,69,160,0.23,25,23.6772733002035,Normal,0.20~0.30
466,Dave Duncan,Right Handed,74,190,0.214,109,24.4455632015056,Normal,0.20~0.30
467,Randy Jones,Right Handed,72,178,0.132,0,24.1916168456355,Normal,0.20~0.30
468,Dick Billings,Right Handed,73,195,0.227,16,25.7809417169526,Overweight,0.20~0.30
469,Bob Veselic,Right Handed,72,175,0,0,23.7838929662147,Normal,0.20~0.30
470,Bruce Bochte,Left Handed,75,195,0.282,100,24.424291272825,Normal,0.20~0.30
471,Bernie Carbo,Left Handed,71,173,0.264,96,24.1790532453042,Normal,0.20~0.30
472,Vic Davalillo,Left Handed,67,150,0.279,36,23.5424436502288,Normal,0.20~0.30
473,Burt Hooton,Right Handed,73,210,0.123,4,27.7640910797951,Overweight,0.20~0.30
474,Chuck Hockenbery,Both Handed,73,195,0,0,25.7809417169526,Overweight,0.20~0.30
475,Bob Ferris,Right Handed,78,225,0,0,26.055727205591,Overweight,0.20~0.30
476,Fernando Gonzalez,Right Handed,70,165,0.235,17,23.7245372449929,Normal,0.20~0.30
477,Jim Sundberg,Right Handed,72,190,0.248,95,25.8225123633188,Overweight,0.20~0.30
478,Andy Kosco,Right Handed,75,205,0.236,73,25.6768190304057,Overweight,0.20~0.30
479,Steve Huntz,Both Handed,73,204,0.206,16,26.9708313346581,Overweight,0.20~0.30
480,Gary Wheelock,Right Handed,75,205,0,0,25.6768190304057,Overweight,0.20~0.30
481,Lenny Faedo,Right Handed,72,170,0.251,5,23.1043531671799,Normal,0.20~0.30
482,John Lowenstein,Left Handed,72,175,0.253,116,23.7838929662147,Normal,0.20~0.30
483,Don Kessinger,Both Handed,73,170,0.252,14,22.4756927788818,Normal,0.20~0.30
484,Joe Hague,Left Handed,72,195,0.239,40,26.5020521623535,Overweight,0.20~0.30
485,Bake McBride,Left Handed,74,190,0.299,63,24.4455632015056,Normal,0.20~0.30
486,Dick Davis,Right Handed,75,190,0.265,27,23.7980273940346,Normal,0.20~0.30
487,Richie Scheinblum,Both Handed,73,180,0.263,13,23.7977923541101,Normal,0.20~0.30
488,Ed Herrmann,Left Handed,73,195,0.24,80,25.7809417169526,Overweight,0.20~0.30
489,Mike Rochford,Left Handed,76,205,0,0,25.0055586991053,Overweight,0.20~0.30
490,Jeff Schneider,Both Handed,75,195,0,0,24.424291272825,Normal,0.20~0.30
491,Bob Molinaro,Left Handed,72,190,0.264,14,25.8225123633188,Overweight,0.20~0.30
492,Mike Hegan,Left Handed,73,188,0.242,53,24.8554720142928,Normal,0.20~0.30
493,Mike Diaz,Right Handed,74,195,0.247,31,25.088867496282,Overweight,0.20~0.30
494,Tim Foli,Right Handed,72,179,0.251,25,24.3275248054424,Normal,0.20~0.30
495,Alan Knicely,Right Handed,72,190,0.213,12,25.8225123633188,Overweight,0.20~0.30
496,Tim Laudner,Right Handed,75,212,0.225,77,26.5535884607123,Overweight,0.20~0.30
497,Jose Morales,Right Handed,71,187,0.287,26,26.1357396350976,Overweight,0.20~0.30
498,Luis Encarnacion,Right Handed,70,178,0,0,25.5937432097499,Overweight,0.20~0.30
499,Rick Kreuger,Right Handed,74,185,0,0,23.8022589067291,Normal,0.20~0.30
500,Juan Marichal,Right Handed,72,185,0.165,4,25.1429725642841,Overweight,0.20~0.30
501,Vida Blue,Both Handed,72,189,0.104,4,25.6866044035118,Overweight,0.20~0.30
502,Angel Moreno,Left Handed,69,165,0,0,24.4171880908349,Normal,0.20~0.30
503,Roger Weaver,Right Handed,75,190,0,0,23.7980273940346,Normal,0.20~0.30
504,Stan Papi,Right Handed,72,170,0.218,7,23.1043531671799,Normal,0.20~0.30
505,Rob Wilfong,Left Handed,73,180,0.248,39,23.7977923541101,Normal,0.20~0.30
506,Chris Knapp,Right Handed,77,195,0,0,23.171974769715,Normal,0.20~0.30
507,Steve Henderson,Right Handed,74,190,0.28,68,24.4455632015056,Normal,0.20~0.30
508,Rob Picciolo,Right Handed,74,185,0.234,17,23.8022589067291,Normal,0.20~0.30
509,Don Welchel,Right Handed,76,205,0,0,25.0055586991053,Overweight,0.20~0.30
510,Randy Wiles,Left Handed,73,185,0,0,24.4588421417243,Normal,0.20~0.30
511,Roberto Pena,Right Handed,68,170,0.245,13,25.9024582220287,Overweight,0.20~0.30
512,Bob Dernier,Right Handed,72,160,0.255,23,21.7452735691105,Normal,0.20~0.30
513,Bill Melton,Right Handed,74,200,0.253,160,25.7321717910585,Overweight,0.20~0.30
514,Albert Hall,Both Handed,71,155,0.251,5,21.6633136012841,Normal,0.20~0.30
515,Barbaro Garbey,Right Handed,70,170,0.267,11,24.4434626160532,Normal,0.20~0.30
516,John Milner,Left Handed,72,185,0.249,131,25.1429725642841,Overweight,0.20~0.30
517,Rich Reese,Left Handed,75,185,0.253,52,23.1717635152442,Normal,0.20~0.30
518,Chris Bando,Both Handed,72,195,0.227,27,26.5020521623535,Overweight,0.20~0.30
519,Bill Buckner,Left Handed,72,185,0.289,174,25.1429725642841,Overweight,0.20~0.30
520,Jack Hiatt,Right Handed,74,190,0.251,22,24.4455632015056,Normal,0.20~0.30
521,Nelson Mathews,Right Handed,76,195,0.223,22,23.7857753479294,Normal,0.20~0.30
522,Larry Lintz,Both Handed,69,150,0.227,0,22.1974437189408,Normal,0.20~0.30
523,Ron Theobald,Right Handed,68,165,0.248,2,25.1406212154985,Overweight,0.20~0.30
524,Dewey Robinson,Right Handed,72,180,0,0,24.4634327652494,Normal,0.20~0.30
525,Rafael Santana,Right Handed,73,165,0.246,13,21.8146429912676,Normal,0.20~0.30
526,Jerry Hairston,Both Handed,70,170,0.258,30,24.4434626160532,Normal,0.20~0.30
527,Tony Arnold,Right Handed,71,170,0,0,23.7597633046342,Normal,0.20~0.30
528,Jeff Schattinger,Left Handed,77,200,0,0,23.7661279689385,Normal,0.20~0.30
529,Ike Brookens,Right Handed,77,170,0,0,20.2012087735977,Normal,0.20~0.30
530,Tommie Aaron,Right Handed,75,190,0.229,13,23.7980273940346,Normal,0.20~0.30
531,Steve Dillard,Right Handed,73,180,0.243,13,23.7977923541101,Normal,0.20~0.30
532,Win Remmerswaal,Right Handed,74,160,0,0,20.5857374328468,Normal,0.20~0.30
533,Jeff Peterek,Right Handed,74,195,0,0,25.088867496282,Overweight,0.20~0.30
534,George Scott,Right Handed,74,200,0.268,271,25.7321717910585,Overweight,0.20~0.30
535,Jeff Shaver,Right Handed,75,195,0,0,24.424291272825,Normal,0.20~0.30
536,Ken Walters,Right Handed,73,180,0.231,11,23.7977923541101,Normal,0.20~0.30
537,Gorman Thomas,Right Handed,74,210,0.225,268,27.0187803806114,Overweight,0.20~0.30
538,Paul Dade,Right Handed,73,185,0.27,10,24.4588421417243,Normal,0.20~0.30
539,Darrell Porter,Left Handed,72,193,0.247,188,26.2302362427396,Overweight,0.20~0.30
540,Tim Johnson,Left Handed,73,170,0.223,0,22.4756927788818,Normal,0.20~0.30
541,Fred Stanley,Right Handed,70,165,0.216,10,23.7245372449929,Normal,0.20~0.30
542,Larry Bowa,Both Handed,70,155,0.26,15,22.2866865028721,Normal,0.20~0.30
543,Tim Corcoran,Left Handed,71,175,0.27,12,24.4585798724175,Normal,0.20~0.30
544,Jim Spencer,Left Handed,74,195,0.25,146,25.088867496282,Overweight,0.20~0.30
545,Pete LaCock,Left Handed,74,200,0.257,27,25.7321717910585,Overweight,0.20~0.30
546,Carl Morton,Right Handed,72,200,0.156,7,27.1815919613882,Overweight,0.20~0.30
547,Gary Gray,Right Handed,72,187,0.24,24,25.4147884838979,Overweight,0.20~0.30
548,Matty Alou,Left Handed,69,160,0.307,31,23.6772733002035,Normal,Above 0.30
549,Pete Filson,Both Handed,74,195,0,0,25.088867496282,Overweight,0.20~0.30
550,Jim Dwyer,Left Handed,70,165,0.26,77,23.7245372449929,Normal,0.20~0.30
551,Dalton Jones,Left Handed,73,180,0.235,41,23.7977923541101,Normal,0.20~0.30
552,Rennie Stennett,Right Handed,71,160,0.274,41,22.3621301690675,Normal,0.20~0.30
553,Jim Gideon,Right Handed,75,190,0,0,23.7980273940346,Normal,0.20~0.30
554,Jerry May,Right Handed,74,190,0.234,15,24.4455632015056,Normal,0.20~0.30
555,Rich McKinney,Right Handed,71,185,0.225,20,25.8562130079842,Overweight,0.20~0.30
556,Clint Hurdle,Left Handed,75,195,0.259,32,24.424291272825,Normal,0.20~0.30
557,Mike Andrews,Right Handed,75,195,0.258,66,24.424291272825,Normal,0.20~0.30
558,Bobby Clark,Right Handed,72,190,0.239,19,25.8225123633188,Overweight,0.20~0.30
559,Jeff Twitty,Left Handed,74,185,0,0,23.8022589067291,Normal,0.20~0.30
560,Cliff Johnson,Right Handed,76,215,0.258,196,26.2253420502812,Overweight,0.20~0.30
561,Steve Cummings,Both Handed,74,200,0,0,25.7321717910585,Overweight,0.20~0.30
562,Donn Clendenon,Right Handed,76,209,0.274,159,25.4934720395756,Overweight,0.20~0.30
563,Charlie James,Right Handed,73,195,0.255,29,25.7809417169526,Overweight,0.20~0.30
564,Bob Horner,Right Handed,73,195,0.277,218,25.7809417169526,Overweight,0.20~0.30
565,Tom Veryzer,Right Handed,73,175,0.241,14,23.1367425664959,Normal,0.20~0.30
566,Jose Cecena,Right Handed,71,180,0,0,25.1573964402009,Overweight,0.20~0.30
567,George Smith,Right Handed,70,170,0.205,9,24.4434626160532,Normal,0.20~0.30
568,Jim Essian,Right Handed,74,195,0.244,33,25.088867496282,Overweight,0.20~0.30
569,Onix Concepcion,Right Handed,66,160,0.239,3,25.8786726772886,Overweight,0.20~0.30
570,Boots Day,Left Handed,69,160,0.256,8,23.6772733002035,Normal,0.20~0.30
571,Brian Giles,Right Handed,73,165,0.228,10,21.8146429912676,Normal,0.20~0.30
572,Garry Maddox,Right Handed,75,175,0.285,117,21.9192357576634,Normal,0.20~0.30
573,Alex Trevino,Right Handed,70,165,0.249,23,23.7245372449929,Normal,0.20~0.30
574,Jim Price,Right Handed,72,192,0.214,18,26.0943282829326,Overweight,0.20~0.30
575,Felix Millan,Right Handed,71,172,0.279,22,24.0392899317475,Normal,0.20~0.30
576,Steve Garvey,Right Handed,70,192,0.294,272,27.606734248719,Overweight,0.20~0.30
577,Don Mincher,Left Handed,75,205,0.249,200,25.6768190304057,Overweight,0.20~0.30
578,Greg Erardi,Right Handed,73,190,0,0,25.1198919293384,Overweight,0.20~0.30
579,Jim Farr,Right Handed,73,195,0,0,25.7809417169526,Overweight,0.20~0.30
580,Tony Cloninger,Right Handed,72,210,0.192,11,28.5406715594576,Overweight,0.20~0.30
581,Jim Gosger,Left Handed,71,185,0.226,30,25.8562130079842,Overweight,0.20~0.30
582,Chuck Harrison,Right Handed,70,185,0.238,17,26.6002387292344,Overweight,0.20~0.30
583,Mike Ivie,Right Handed,75,205,0.269,81,25.6768190304057,Overweight,0.20~0.30
584,Frank Dimichele,Right Handed,75,205,0,0,25.6768190304057,Overweight,0.20~0.30
585,Bob Veale,Both Handed,78,212,0.114,0,24.550285189268,Normal,0.20~0.30
586,Marvell Wynne,Left Handed,71,175,0.247,40,24.4585798724175,Normal,0.20~0.30
587,Dusty Baker,Right Handed,74,183,0.278,242,23.5449371888185,Normal,0.20~0.30
588,Tucker Ashford,Right Handed,73,195,0.218,6,25.7809417169526,Overweight,0.20~0.30
589,Ned Yost,Right Handed,73,190,0.212,16,25.1198919293384,Overweight,0.20~0.30
590,Bob Stinson,Both Handed,71,180,0.25,33,25.1573964402009,Overweight,0.20~0.30
591,Mike Warren,Right Handed,73,175,0,0,23.1367425664959,Normal,0.20~0.30
592,Gaylord Perry,Right Handed,76,205,0.131,6,25.0055586991053,Overweight,0.20~0.30
593,Dave Marshall,Left Handed,73,182,0.246,16,24.0622122691558,Normal,0.20~0.30
594,Mickey Hatcher,Right Handed,74,200,0.28,38,25.7321717910585,Overweight,0.20~0.30
595,Roger Repoz,Left Handed,75,190,0.224,82,23.7980273940346,Normal,0.20~0.30
596,Bill Fulton,Right Handed,75,195,0,0,24.424291272825,Normal,0.20~0.30
597,John Orsino,Right Handed,75,215,0.249,40,26.9293467879865,Overweight,0.20~0.30
598,Larry Anderson,Right Handed,75,190,0,0,23.7980273940346,Normal,0.20~0.30
599,Johnny Briggs,Left Handed,73,190,0.253,139,25.1198919293384,Overweight,0.20~0.30
600,Craig Mitchell,Right Handed,75,180,0,0,22.5454996364538,Normal,0.20~0.30
601,Dave Hostetler,Right Handed,76,215,0.229,37,26.2253420502812,Overweight,0.20~0.30
602,Bob Jones,Left Handed,74,195,0.221,20,25.088867496282,Overweight,0.20~0.30
603,Keith Hernandez,Left Handed,72,180,0.296,162,24.4634327652494,Normal,0.20~0.30
604,Alfredo Martinez,Right Handed,75,185,0,0,23.1717635152442,Normal,0.20~0.30
605,Dean Chance,Right Handed,75,200,0.066,0,25.0505551516153,Overweight,0.20~0.30
606,Willie Upshaw,Left Handed,72,185,0.262,123,25.1429725642841,Overweight,0.20~0.30
607,Dick Green,Right Handed,70,180,0.24,80,25.881313358174,Overweight,0.20~0.30
608,Dane Iorg,Left Handed,72,180,0.276,14,24.4634327652494,Normal,0.20~0.30
609,Richie Hebner,Left Handed,73,195,0.276,203,25.7809417169526,Overweight,0.20~0.30
610,Fran Healy,Right Handed,77,220,0.25,20,26.1427407658323,Overweight,0.20~0.30
611,Doc Edwards,Right Handed,74,215,0.238,15,27.6620846753879,Overweight,0.20~0.30
612,Sandy Alomar,Both Handed,69,140,0.245,13,20.7176141376781,Normal,0.20~0.30
613,Joe Strain,Right Handed,70,169,0.25,1,24.2996775418412,Normal,0.20~0.30
614,Gene Richards,Left Handed,72,175,0.29,26,23.7838929662147,Normal,0.20~0.30
615,Buddy Bell,Right Handed,73,180,0.279,201,23.7977923541101,Normal,0.20~0.30
616,Al Woods,Left Handed,75,190,0.271,35,23.7980273940346,Normal,0.20~0.30
617,Rudy Law,Left Handed,73,165,0.271,18,21.8146429912676,Normal,0.20~0.30
618,Joel Davis,Left Handed,77,205,0,0,24.360281168162,Normal,0.20~0.30
619,Jody Davis,Right Handed,76,192,0.245,127,23.4198403425767,Normal,0.20~0.30
620,Mike Edwards,Right Handed,70,154,0.25,2,22.14290142866,Normal,0.20~0.30
621,Bill Mooneyham,Right Handed,72,175,0,0,23.7838929662147,Normal,0.20~0.30
622,John Hobbs,Right Handed,75,190,0,0,23.7980273940346,Normal,0.20~0.30
623,Deron Johnson,Right Handed,74,200,0.244,245,25.7321717910585,Overweight,0.20~0.30
624,John Denny,Right Handed,75,185,0.17,0,23.1717635152442,Normal,0.20~0.30
625,Don Wert,Right Handed,70,162,0.242,77,23.2931820223566,Normal,0.20~0.30
626,Mike Fiore,Left Handed,72,175,0.227,13,23.7838929662147,Normal,0.20~0.30
627,Miguel Dilone,Both Handed,72,160,0.265,6,21.7452735691105,Normal,0.20~0.30
628,Greg Luzinski,Right Handed,73,220,0.276,307,29.0861906550234,Overweight,0.20~0.30
629,Bobby Tolan,Left Handed,71,170,0.265,86,23.7597633046342,Normal,0.20~0.30
630,Karl Best,Right Handed,76,190,0,0,23.1758836723415,Normal,0.20~0.30
631,Steve Barr,Left Handed,76,200,0,0,24.3956670235174,Normal,0.20~0.30
632,Ron Woods,Right Handed,70,168,0.233,26,24.1558924676291,Normal,0.20~0.30
633,Tony Horton,Right Handed,75,210,0.268,76,26.3030829091961,Overweight,0.20~0.30
634,Randy Hundley,Right Handed,71,170,0.236,82,23.7597633046342,Normal,0.20~0.30
635,Jose Tartabull,Left Handed,71,165,0.261,2,23.0609467368508,Normal,0.20~0.30
636,Ben Oglivie,Left Handed,74,160,0.273,235,20.5857374328468,Normal,0.20~0.30
637,Luis Sanchez,Right Handed,74,170,0,0,21.8723460223997,Normal,0.20~0.30
638,Bob Johnson,Right Handed,70,175,0.272,44,25.1623879871136,Overweight,0.20~0.30
639,Don Buford,Both Handed,67,160,0.264,93,25.1119398935774,Overweight,0.20~0.30
640,Duane Kuiper,Left Handed,72,175,0.271,1,23.7838929662147,Normal,0.20~0.30
641,Brant Alyea,Right Handed,75,215,0.247,38,26.9293467879865,Overweight,0.20~0.30
642,Jerry Narron,Left Handed,75,205,0.211,21,25.6768190304057,Overweight,0.20~0.30
643,Lou Johnson,Right Handed,71,170,0.258,48,23.7597633046342,Normal,0.20~0.30
644,Ken Retzer,Left Handed,72,185,0.264,14,25.1429725642841,Overweight,0.20~0.30
645,Mike Brown,Right Handed,74,195,0.265,23,25.088867496282,Overweight,0.20~0.30
646,Mike Brown,Right Handed,74,195,0,0,25.088867496282,Overweight,0.20~0.30
647,Greg Walker,Left Handed,75,205,0.26,113,25.6768190304057,Overweight,0.20~0.30
648,Terry Harper,Right Handed,76,195,0.253,36,23.7857753479294,Normal,0.20~0.30
649,Jerry Royster,Right Handed,72,165,0.249,40,22.4248133681452,Normal,0.20~0.30
650,Steve Davis,Left Handed,73,195,0,0,25.7809417169526,Overweight,0.20~0.30
651,Jeff Rineer,Left Handed,76,205,0,0,25.0055586991053,Overweight,0.20~0.30
652,Barry Bonnell,Right Handed,75,190,0.272,56,23.7980273940346,Normal,0.20~0.30
653,Tom Seaver,Right Handed,73,195,0.154,12,25.7809417169526,Overweight,0.20~0.30
654,Jerry Martin,Right Handed,73,195,0.251,85,25.7809417169526,Overweight,0.20~0.30
655,Bill Stein,Right Handed,70,170,0.267,44,24.4434626160532,Normal,0.20~0.30
656,Joel Youngblood,Right Handed,72,180,0.265,80,24.4634327652494,Normal,0.20~0.30
657,Reggie Jackson,Left Handed,72,195,0.262,563,26.5020521623535,Overweight,0.20~0.30
658,Sonny Jackson,Left Handed,69,150,0.251,7,22.1974437189408,Normal,0.20~0.30
659,Mark Mercer,Left Handed,77,220,0,0,26.1427407658323,Overweight,0.20~0.30
660,Rodney Scott,Both Handed,72,160,0.236,3,21.7452735691105,Normal,0.20~0.30
661,Rich Coggins,Left Handed,68,170,0.265,12,25.9024582220287,Overweight,0.20~0.30
662,Phil Gagliano,Right Handed,73,180,0.238,14,23.7977923541101,Normal,0.20~0.30
663,Jerry McNertney,Right Handed,72,180,0.237,27,24.4634327652494,Normal,0.20~0.30
664,Mitchell Page,Left Handed,74,205,0.266,72,26.375476085835,Overweight,0.20~0.30
665,Kiko Garcia,Right Handed,71,180,0.239,12,25.1573964402009,Overweight,0.20~0.30
666,Larry Milbourne,Both Handed,72,161,0.254,11,21.8811815289175,Normal,0.20~0.30
667,Bill Sudakis,Both Handed,73,190,0.234,59,25.1198919293384,Overweight,0.20~0.30
668,John Caneira,Right Handed,75,180,0,0,22.5454996364538,Normal,0.20~0.30
669,Domingo Ramos,Right Handed,70,154,0.24,8,22.14290142866,Normal,0.20~0.30
670,Ron Oester,Both Handed,74,185,0.265,42,23.8022589067291,Normal,0.20~0.30
671,Glenn Adams,Left Handed,73,180,0.28,34,23.7977923541101,Normal,0.20~0.30
672,Clint Zavaras,Right Handed,73,175,0,0,23.1367425664959,Normal,0.20~0.30
673,Joe Morgan,Left Handed,67,160,0.271,268,25.1119398935774,Overweight,0.20~0.30
674,R.J. Reynolds,Both Handed,72,190,0.267,35,25.8225123633188,Overweight,0.20~0.30
675,Mike Parrott,Right Handed,76,210,0,0,25.6154503746932,Overweight,0.20~0.30
676,Lee Thomas,Left Handed,74,195,0.255,106,25.088867496282,Overweight,0.20~0.30
677,Ray Fosse,Right Handed,74,215,0.256,61,27.6620846753879,Overweight,0.20~0.30
678,Paul Popovich,Both Handed,72,175,0.233,14,23.7838929662147,Normal,0.20~0.30
679,John Stephenson,Left Handed,71,180,0.216,12,25.1573964402009,Overweight,0.20~0.30
680,Doug Clemens,Left Handed,72,180,0.229,12,24.4634327652494,Normal,0.20~0.30
681,Luis Aponte,Right Handed,72,185,0,0,25.1429725642841,Overweight,0.20~0.30
682,Orlando Mercado,Right Handed,72,180,0.199,7,24.4634327652494,Normal,0.20~0.30
683,Charley Smith,Right Handed,73,170,0.239,69,22.4756927788818,Normal,0.20~0.30
684,Paul Boris,Right Handed,74,200,0,0,25.7321717910585,Overweight,0.20~0.30
685,Buddy Biancalana,Both Handed,71,160,0.205,6,22.3621301690675,Normal,0.20~0.30
686,De Wayne Buice,Right Handed,72,170,0,0,23.1043531671799,Normal,0.20~0.30
687,Bob Uecker,Right Handed,73,190,0.2,14,25.1198919293384,Overweight,0.20~0.30
688,Felix Torres,Right Handed,71,165,0.254,27,23.0609467368508,Normal,0.20~0.30
689,Steve Braun,Left Handed,70,180,0.271,52,25.881313358174,Overweight,0.20~0.30
690,Ray Knight,Right Handed,73,185,0.271,84,24.4588421417243,Normal,0.20~0.30
691,Ty Cline,Left Handed,72,170,0.238,6,23.1043531671799,Normal,0.20~0.30
692,Thad Bosley,Left Handed,75,175,0.272,20,21.9192357576634,Normal,0.20~0.30
693,Bobby Grich,Right Handed,74,180,0.266,224,23.1589546119526,Normal,0.20~0.30
694,Jimmie Hall,Left Handed,72,175,0.254,121,23.7838929662147,Normal,0.20~0.30
695,John Boccabella,Right Handed,73,195,0.219,26,25.7809417169526,Overweight,0.20~0.30
696,Brock Davis,Left Handed,70,160,0.26,1,23.0056118739325,Normal,0.20~0.30
697,Mark Esser,Right Handed,73,190,0,0,25.1198919293384,Overweight,0.20~0.30
698,Curt Blefary,Left Handed,74,195,0.237,112,25.088867496282,Overweight,0.20~0.30
699,Daryl Smith,Right Handed,76,185,0,0,22.5659919967536,Normal,0.20~0.30
700,Dave Smith,Right Handed,73,190,0,0,25.1198919293384,Overweight,0.20~0.30
701,Mack Jones,Left Handed,73,180,0.252,133,23.7977923541101,Normal,0.20~0.30
702,Buddy Bradford,Right Handed,71,170,0.226,52,23.7597633046342,Normal,0.20~0.30
703,Hosken Powell,Left Handed,73,175,0.259,17,23.1367425664959,Normal,0.20~0.30
704,Dave Stapleton,Left Handed,73,185,0,0,24.4588421417243,Normal,0.20~0.30
705,Dave Stapleton,Right Handed,73,178,0.271,41,23.5333724390644,Normal,0.20~0.30
706,Gary Ward,Right Handed,74,195,0.276,130,25.088867496282,Overweight,0.20~0.30
707,Jim Lonborg,Right Handed,77,200,0.136,3,23.7661279689385,Normal,0.20~0.30
708,Joe Lis,Right Handed,72,175,0.233,32,23.7838929662147,Normal,0.20~0.30
709,Dan Meyer,Left Handed,71,180,0.253,86,25.1573964402009,Overweight,0.20~0.30
710,Jim Holt,Left Handed,72,180,0.265,19,24.4634327652494,Normal,0.20~0.30
711,Tom Klawitter,Right Handed,74,190,0,0,24.4455632015056,Normal,0.20~0.30
712,Larry Herndon,Right Handed,75,190,0.274,107,23.7980273940346,Normal,0.20~0.30
713,Gary Christenson,Left Handed,77,200,0,0,23.7661279689385,Normal,0.20~0.30
714,Jim Wright,Right Handed,77,205,0,0,24.360281168162,Normal,0.20~0.30
715,Jim Wright,Right Handed,73,165,0,0,21.8146429912676,Normal,0.20~0.30
716,Wallace Johnson,Both Handed,72,173,0.255,5,23.5120770466008,Normal,0.20~0.30
717,Mike Kinnunen,Left Handed,73,185,0,0,24.4588421417243,Normal,0.20~0.30
718,Eddie Leon,Right Handed,72,170,0.236,24,23.1043531671799,Normal,0.20~0.30
719,Dave Rajsich,Left Handed,77,175,0,0,20.7953619728212,Normal,0.20~0.30
720,Jim Wohlford,Right Handed,71,175,0.26,21,24.4585798724175,Normal,0.20~0.30
721,J.R. Richard,Right Handed,80,222,0.168,10,24.4389693324841,Normal,0.20~0.30
722,Bill Voss,Left Handed,74,160,0.227,19,20.5857374328468,Normal,0.20~0.30
723,Keith Moreland,Right Handed,72,190,0.279,121,25.8225123633188,Overweight,0.20~0.30
724,Ramon Pena,Right Handed,70,155,0,0,22.2866865028721,Normal,0.20~0.30
725,Alex Johnson,Right Handed,72,205,0.288,78,27.8611317604229,Overweight,0.20~0.30
726,Wayne Krenchicki,Left Handed,73,180,0.266,15,23.7977923541101,Normal,0.20~0.30
727,Chico Escarrega,Right Handed,71,185,0,0,25.8562130079842,Overweight,0.20~0.30
728,Dave Rosello,Right Handed,71,160,0.236,10,22.3621301690675,Normal,0.20~0.30
729,Cardell Camper,Right Handed,75,208,0,0,26.05257735768,Overweight,0.20~0.30
730,Paul Schaal,Right Handed,71,165,0.244,57,23.0609467368508,Normal,0.20~0.30
731,Tito Landrum,Right Handed,71,175,0.249,13,24.4585798724175,Normal,0.20~0.30
732,Dave Edwards,Right Handed,72,170,0.237,14,23.1043531671799,Normal,0.20~0.30
733,Mario Guerrero,Right Handed,70,155,0.257,7,22.2866865028721,Normal,0.20~0.30
734,Tom Tresh,Both Handed,73,180,0.245,153,23.7977923541101,Normal,0.20~0.30
735,Mike Overy,Right Handed,74,190,0,0,24.4455632015056,Normal,0.20~0.30
736,Ron Roenicke,Both Handed,72,180,0.238,17,24.4634327652494,Normal,0.20~0.30
737,Doug Griffin,Right Handed,72,160,0.245,7,21.7452735691105,Normal,0.20~0.30
738,Steve Blass,Right Handed,72,165,0.172,1,22.4248133681452,Normal,0.20~0.30
739,Johnnie LeMaster,Right Handed,74,165,0.222,22,21.2290417276233,Normal,0.20~0.30
740,Craig Chamberlain,Right Handed,73,190,0,0,25.1198919293384,Overweight,0.20~0.30
741,Nate Oliver,Right Handed,70,160,0.226,2,23.0056118739325,Normal,0.20~0.30
742,Ray Sadecki,Left Handed,71,180,0.191,5,25.1573964402009,Overweight,0.20~0.30
743,Ken Rudolph,Right Handed,73,180,0.213,6,23.7977923541101,Normal,0.20~0.30
744,Wayne Nordhagen,Right Handed,74,205,0.282,39,26.375476085835,Overweight,0.20~0.30
745,Biff Pocoroba,Both Handed,70,175,0.257,21,25.1623879871136,Overweight,0.20~0.30
746,Len Matuszek,Left Handed,74,190,0.234,30,24.4455632015056,Normal,0.20~0.30
747,Frank Eufemia,Right Handed,71,185,0,0,25.8562130079842,Overweight,0.20~0.30
748,Joe Lefebvre,Left Handed,70,170,0.258,31,24.4434626160532,Normal,0.20~0.30
749,Jim Maloney,Left Handed,74,190,0.201,7,24.4455632015056,Normal,0.20~0.30
750,Andre Robertson,Right Handed,70,155,0.251,5,22.2866865028721,Normal,0.20~0.30
751,Jerry Zimmerman,Right Handed,74,185,0.204,3,23.8022589067291,Normal,0.20~0.30
752,Jack Lazorko,Right Handed,71,200,0,0,27.9526627113343,Overweight,0.20~0.30
753,Mike Paxton,Right Handed,71,190,0,0,26.5550295757676,Overweight,0.20~0.30
754,Chet Lemon,Right Handed,72,190,0.273,215,25.8225123633188,Overweight,0.20~0.30
755,Rickey Keeton,Right Handed,74,190,0,0,24.4455632015056,Normal,0.20~0.30
756,Phil Mankowski,Left Handed,72,180,0.264,8,24.4634327652494,Normal,0.20~0.30
757,Cleon Jones,Right Handed,72,185,0.281,93,25.1429725642841,Overweight,0.20~0.30
758,Joaquin Andujar,Both Handed,72,170,0.127,5,23.1043531671799,Normal,0.20~0.30
759,Mike Lum,Left Handed,72,180,0.247,90,24.4634327652494,Normal,0.20~0.30
760,Johnny Grubb,Left Handed,75,175,0.278,99,21.9192357576634,Normal,0.20~0.30
761,Curt Motton,Right Handed,68,164,0.213,25,24.9882538141924,Normal,0.20~0.30
762,Johnny Bench,Right Handed,73,197,0.267,389,26.0453616319983,Overweight,0.20~0.30
763,Dale Berra,Right Handed,72,180,0.236,49,24.4634327652494,Normal,0.20~0.30
764,Terry Felton,Right Handed,73,180,0,0,23.7977923541101,Normal,0.20~0.30
765,Bob Meacham,Both Handed,73,175,0.236,8,23.1367425664959,Normal,0.20~0.30
766,Mark Clear,Right Handed,76,200,0,0,24.3956670235174,Normal,0.20~0.30
767,Carl Warwick,Right Handed,70,170,0.248,31,24.4434626160532,Normal,0.20~0.30
768,Sam Bowens,Right Handed,73,188,0.223,45,24.8554720142928,Normal,0.20~0.30
769,George Wright,Both Handed,71,180,0.245,42,25.1573964402009,Overweight,0.20~0.30
770,Luis Aguayo,Right Handed,69,173,0.236,37,25.6010517558451,Overweight,0.20~0.30
771,Hal Lanier,Right Handed,74,180,0.228,8,23.1589546119526,Normal,0.20~0.30
772,Mike Pazik,Left Handed,74,195,0,0,25.088867496282,Overweight,0.20~0.30
773,Len Randle,Both Handed,70,169,0.257,27,24.2996775418412,Normal,0.20~0.30
774,Greg Pryor,Right Handed,72,180,0.25,14,24.4634327652494,Normal,0.20~0.30
775,Jim Traber,Left Handed,72,194,0.227,27,26.3661442025465,Overweight,0.20~0.30
776,Dave Nelson,Right Handed,70,160,0.244,20,23.0056118739325,Normal,0.20~0.30
777,Lynn Jones,Right Handed,69,175,0.252,7,25.8970176720976,Overweight,0.20~0.30
778,Bryan Little,Both Handed,70,160,0.245,3,23.0056118739325,Normal,0.20~0.30
779,Ken Suarez,Right Handed,69,175,0.227,5,25.8970176720976,Overweight,0.20~0.30
780,Rick Peters,Both Handed,69,170,0.277,2,25.1571028814663,Overweight,0.20~0.30
781,Ron Stone,Left Handed,74,185,0.241,6,23.8022589067291,Normal,0.20~0.30
782,Rich Barnes,Right Handed,76,186,0,0,22.6879703318711,Normal,0.20~0.30
783,Tommie Agee,Right Handed,71,195,0.255,130,27.253846143551,Overweight,0.20~0.30
784,Bob Bailey,Right Handed,73,180,0.257,189,23.7977923541101,Normal,0.20~0.30
785,Cap Peterson,Right Handed,74,195,0.23,19,25.088867496282,Overweight,0.20~0.30
786,Ted Uhlaender,Left Handed,74,190,0.263,36,24.4455632015056,Normal,0.20~0.30
787,Ted Simmons,Both Handed,71,193,0.285,248,26.9743195164376,Overweight,0.20~0.30
788,Bobby Murcer,Left Handed,71,160,0.277,252,22.3621301690675,Normal,0.20~0.30
789,Dick Tracewski,Right Handed,71,160,0.213,8,22.3621301690675,Normal,0.20~0.30
790,Dave Frost,Right Handed,78,235,0,0,27.2137595258395,Overweight,0.20~0.30
791,Mark Souza,Left Handed,72,180,0,0,24.4634327652494,Normal,0.20~0.30
792,Bill Nahorodny,Right Handed,74,200,0.241,25,25.7321717910585,Overweight,0.20~0.30
793,Bill Madlock,Right Handed,71,180,0.305,163,25.1573964402009,Overweight,Above 0.30
794,Bob Boone,Right Handed,74,195,0.254,105,25.088867496282,Overweight,0.20~0.30
795,Rick Jones,Left Handed,77,190,0,0,22.5778215704916,Normal,0.20~0.30
796,Steve Kemp,Left Handed,72,195,0.278,130,26.5020521623535,Overweight,0.20~0.30
797,Rick Burleson,Right Handed,70,165,0.273,50,23.7245372449929,Normal,0.20~0.30
798,Jim Dorsey,Right Handed,79,190,0,0,21.4491113750111,Normal,0.20~0.30
799,Mark Ciardi,Right Handed,72,180,0,0,24.4634327652494,Normal,0.20~0.30
800,Dennis Burtt,Right Handed,72,180,0,0,24.4634327652494,Normal,0.20~0.30
801,Carl Taylor,Right Handed,74,200,0.266,10,25.7321717910585,Overweight,0.20~0.30
802,Terry Harmon,Right Handed,74,180,0.233,4,23.1589546119526,Normal,0.20~0.30
803,Mike Hargrove,Left Handed,72,195,0.29,80,26.5020521623535,Overweight,0.20~0.30
804,Rich Yett,Right Handed,74,187,0,0,24.0595806246397,Normal,0.20~0.30
805,Steve Hovley,Left Handed,70,188,0.258,8,27.0315939518706,Overweight,0.20~0.30
806,Don Leppert,Right Handed,74,220,0.229,15,28.3053889701643,Overweight,0.20~0.30
807,Matt Williams,Right Handed,73,200,0,0,26.4419915045668,Overweight,0.20~0.30
808,Jim Burton,Right Handed,75,195,0,0,24.424291272825,Normal,0.20~0.30
809,Rick Anderson,Right Handed,74,210,0,0,27.0187803806114,Overweight,0.20~0.30
810,Charlie Mitchell,Right Handed,75,170,0,0,21.292971878873,Normal,0.20~0.30
811,Bill Paschall,Right Handed,72,175,0,0,23.7838929662147,Normal,0.20~0.30
812,John Bohnet,Both Handed,72,175,0,0,23.7838929662147,Normal,0.20~0.30
813,Byron McLaughlin,Right Handed,73,175,0,0,23.1367425664959,Normal,0.20~0.30
814,Lee May,Right Handed,75,195,0.267,354,24.424291272825,Normal,0.20~0.30
815,Luis Quintana,Left Handed,74,175,0,0,22.5156503171762,Normal,0.20~0.30
816,Sam McDowell,Left Handed,77,190,0.154,2,22.5778215704916,Normal,0.20~0.30
817,Rick Renick,Right Handed,72,188,0.221,20,25.5506964437049,Overweight,0.20~0.30
818,Jeff Torborg,Right Handed,72,195,0.214,8,26.5020521623535,Overweight,0.20~0.30
819,Dave Campbell,Right Handed,73,180,0.213,20,23.7977923541101,Normal,0.20~0.30
820,Pat Kelly,Left Handed,73,185,0.264,76,24.4588421417243,Normal,0.20~0.30
821,Al Weis,Both Handed,72,160,0.219,7,21.7452735691105,Normal,0.20~0.30
822,Jerry Turner,Left Handed,69,180,0.257,45,26.636932462729,Overweight,0.20~0.30
823,Rick Auerbach,Right Handed,72,165,0.22,9,22.4248133681452,Normal,0.20~0.30
824,Keith Macwhorter,Right Handed,76,190,0,0,23.1758836723415,Normal,0.20~0.30
825,Don Wilson,Right Handed,74,195,0.146,1,25.088867496282,Overweight,0.20~0.30
826,Jaime Cocanower,Right Handed,76,200,0,0,24.3956670235174,Normal,0.20~0.30
827,Jeff Sellers,Right Handed,73,175,0,0,23.1367425664959,Normal,0.20~0.30
828,Sandy Valdespino,Left Handed,68,170,0.23,7,25.9024582220287,Overweight,0.20~0.30
829,Steve Senteney,Right Handed,74,205,0,0,26.375476085835,Overweight,0.20~0.30
830,Howard Bailey,Right Handed,72,195,0,0,26.5020521623535,Overweight,0.20~0.30
831,Jeff Bettendorf,Right Handed,75,180,0,0,22.5454996364538,Normal,0.20~0.30
832,Ken Phelps,Left Handed,73,209,0.239,123,27.6318811222723,Overweight,0.20~0.30
833,Cesar Cedeno,Right Handed,74,175,0.285,199,22.5156503171762,Normal,0.20~0.30
834,Bob Davidson,Right Handed,72,185,0,0,25.1429725642841,Overweight,0.20~0.30
835,Phil Linz,Right Handed,73,180,0.235,11,23.7977923541101,Normal,0.20~0.30
836,Manny Mota,Right Handed,70,160,0.304,31,23.0056118739325,Normal,Above 0.30
837,Brian Snyder,Left Handed,75,185,0,0,23.1717635152442,Normal,0.20~0.30
838,Steve Renko,Right Handed,77,230,0.215,6,27.3310471642793,Overweight,0.20~0.30
839,Rick Sofield,Left Handed,73,195,0.243,9,25.7809417169526,Overweight,0.20~0.30
840,Carlos Velazquez,Right Handed,71,180,0,0,25.1573964402009,Overweight,0.20~0.30
841,Roger Miller,Right Handed,75,200,0,0,25.0505551516153,Overweight,0.20~0.30
842,Doug DeCinces,Right Handed,74,190,0.259,237,24.4455632015056,Normal,0.20~0.30
843,John Castino,Right Handed,71,175,0.278,41,24.4585798724175,Normal,0.20~0.30
844,Dave May,Left Handed,70,186,0.251,96,26.7440238034465,Overweight,0.20~0.30
845,Ron Washington,Right Handed,71,155,0.261,20,21.6633136012841,Normal,0.20~0.30
846,Billy Grabarkewitz,Right Handed,70,165,0.236,28,23.7245372449929,Normal,0.20~0.30
847,Willie Aikens,Left Handed,75,220,0.271,110,27.5556106667769,Overweight,0.20~0.30
848,Earl Williams,Right Handed,75,215,0.247,138,26.9293467879865,Overweight,0.20~0.30
849,Willie Mueller,Right Handed,76,220,0,0,26.8352337258691,Overweight,0.20~0.30
850,John Flinn,Right Handed,72,175,0,0,23.7838929662147,Normal,0.20~0.30
851,Don Hahn,Right Handed,73,180,0.236,7,23.7977923541101,Normal,0.20~0.30
852,Todd Cruz,Right Handed,72,175,0.22,34,23.7838929662147,Normal,0.20~0.30
853,Tom Egan,Right Handed,76,218,0.2,22,26.5912770556339,Overweight,0.20~0.30
854,Bob Heise,Right Handed,72,175,0.247,1,23.7838929662147,Normal,0.20~0.30
855,Tommy Harper,Right Handed,69,165,0.257,146,24.4171880908349,Normal,0.20~0.30
856,Joe Wallis,Both Handed,71,180,0.244,16,25.1573964402009,Overweight,0.20~0.30
857,Max Alvis,Right Handed,71,185,0.247,111,25.8562130079842,Overweight,0.20~0.30
858,Rico Carty,Right Handed,75,200,0.299,204,25.0505551516153,Overweight,0.20~0.30
859,Mike Cubbage,Left Handed,72,180,0.258,34,24.4634327652494,Normal,0.20~0.30
860,Les Straker,Right Handed,73,193,0,0,25.5165218019069,Overweight,0.20~0.30
861,Merritt Ranew,Left Handed,71,170,0.247,8,23.7597633046342,Normal,0.20~0.30
862,Lyman Bostock,Left Handed,73,180,0.311,23,23.7977923541101,Normal,Above 0.30
863,Damaso Garcia,Right Handed,73,165,0.283,36,21.8146429912676,Normal,0.20~0.30
864,Don Kainer,Right Handed,75,205,0,0,25.6768190304057,Overweight,0.20~0.30
865,Don Gordon,Right Handed,73,175,0,0,23.1367425664959,Normal,0.20~0.30
866,Roy Howell,Left Handed,73,190,0.261,80,25.1198919293384,Overweight,0.20~0.30
867,Boog Powell,Left Handed,76,230,0.266,339,28.055017077045,Overweight,0.20~0.30
868,Sandy Wihtol,Right Handed,73,195,0,0,25.7809417169526,Overweight,0.20~0.30
869,Sonny Siebert,Right Handed,75,190,0.173,12,23.7980273940346,Normal,0.20~0.30
870,Jeff Richardson,Right Handed,75,185,0,0,23.1717635152442,Normal,0.20~0.30
871,Bobby Darwin,Right Handed,74,190,0.251,83,24.4455632015056,Normal,0.20~0.30
872,Dennis DeBarr,Left Handed,74,190,0,0,24.4455632015056,Normal,0.20~0.30
873,Dan Driessen,Left Handed,71,187,0.267,153,26.1357396350976,Overweight,0.20~0.30
874,Bruce Miller,Right Handed,73,185,0.246,1,24.4588421417243,Normal,0.20~0.30
875,Bob Bailor,Right Handed,71,170,0.264,9,23.7597633046342,Normal,0.20~0.30
876,Tommy Helms,Right Handed,70,165,0.269,34,23.7245372449929,Normal,0.20~0.30
877,Tony Armas,Right Handed,71,182,0.252,251,25.4369230673142,Overweight,0.20~0.30
878,Willie Horton,Right Handed,71,209,0.273,325,29.2105325333444,Overweight,0.20~0.30
879,Lou Piniella,Right Handed,72,182,0.291,102,24.7352486848632,Normal,0.20~0.30
880,Butch Hobson,Right Handed,73,193,0.248,98,25.5165218019069,Overweight,0.20~0.30
881,John Wathan,Right Handed,74,205,0.262,21,26.375476085835,Overweight,0.20~0.30
882,Hal King,Left Handed,73,200,0.214,24,26.4419915045668,Overweight,0.20~0.30
883,Mike Krukow,Right Handed,77,205,0.193,5,24.360281168162,Normal,0.20~0.30
884,Andres Mora,Right Handed,72,180,0.223,27,24.4634327652494,Normal,0.20~0.30
885,Barry Foote,Right Handed,75,205,0.23,57,25.6768190304057,Overweight,0.20~0.30
886,Ed Ott,Left Handed,70,190,0.259,33,27.3191641002948,Overweight,0.20~0.30
887,Alan Wiggins,Both Handed,74,160,0.259,5,20.5857374328468,Normal,0.20~0.30
888,Ron Clark,Right Handed,70,175,0.189,5,25.1623879871136,Overweight,0.20~0.30
889,Jay Pettibone,Right Handed,76,182,0,0,22.2000569914008,Normal,0.20~0.30
890,Glen Cook,Right Handed,71,180,0,0,25.1573964402009,Overweight,0.20~0.30
891,Julio Gotay,Right Handed,72,180,0.26,6,24.4634327652494,Normal,0.20~0.30
892,Gary Alexander,Right Handed,74,195,0.23,55,25.088867496282,Overweight,0.20~0.30
893,Andre Thornton,Right Handed,75,200,0.254,253,25.0505551516153,Overweight,0.20~0.30
894,Bob Oliver,Right Handed,75,205,0.256,94,25.6768190304057,Overweight,0.20~0.30
895,Bill Castro,Right Handed,71,170,0,0,23.7597633046342,Normal,0.20~0.30
896,Ed Hodge,Left Handed,74,192,0,0,24.7028849194162,Normal,0.20~0.30
897,Tom Buskey,Right Handed,75,200,0,0,25.0505551516153,Overweight,0.20~0.30
898,Bruce Taylor,Right Handed,72,178,0,0,24.1916168456355,Normal,0.20~0.30
899,Stan Thomas,Right Handed,74,185,0,0,23.8022589067291,Normal,0.20~0.30
900,Bob Robertson,Right Handed,73,195,0.242,115,25.7809417169526,Overweight,0.20~0.30
901,Larry Monroe,Right Handed,76,200,0,0,24.3956670235174,Normal,0.20~0.30
902,Roger Slagle,Right Handed,75,190,0,0,23.7980273940346,Normal,0.20~0.30
903,Ollie Brown,Right Handed,74,178,0.265,102,22.9016328940421,Normal,0.20~0.30
904,Jim Campbell,Left Handed,71,175,0,0,24.4585798724175,Normal,0.20~0.30
905,Frank Quilici,Right Handed,73,170,0.214,5,22.4756927788818,Normal,0.20~0.30
906,Curt Kaufman,Right Handed,74,175,0,0,22.5156503171762,Normal,0.20~0.30
907,Joe Pepitone,Left Handed,74,185,0.258,219,23.8022589067291,Normal,0.20~0.30
908,Steve Barber,Left Handed,72,195,0.115,5,26.5020521623535,Overweight,0.20~0.30
909,De Wayne Vaughn,Right Handed,71,180,0,0,25.1573964402009,Overweight,0.20~0.30
910,Norm Miller,Left Handed,70,185,0.238,24,26.6002387292344,Overweight,0.20~0.30
911,Bob Galasso,Left Handed,73,205,0,0,27.1030412921809,Overweight,0.20~0.30
912,Rich Wortham,Right Handed,72,185,0,0,25.1429725642841,Overweight,0.20~0.30
913,Bob Chance,Left Handed,74,196,0.261,24,25.2175283552373,Overweight,0.20~0.30
914,Julio Cruz,Both Handed,69,165,0.237,23,24.4171880908349,Normal,0.20~0.30
915,Bill Sample,Right Handed,69,175,0.272,46,25.8970176720976,Overweight,0.20~0.30
916,Juan Nieves,Left Handed,75,175,0,0,21.9192357576634,Normal,0.20~0.30
917,Mike Bacsik,Right Handed,74,180,0,0,23.1589546119526,Normal,0.20~0.30
918,Craig Kusick,Right Handed,75,210,0.235,46,26.3030829091961,Overweight,0.20~0.30
919,Rudy Meoli,Left Handed,69,165,0.212,2,24.4171880908349,Normal,0.20~0.30
920,Ruppert Jones,Left Handed,70,170,0.25,147,24.4434626160532,Normal,0.20~0.30
921,Glenn Hoffman,Right Handed,73,175,0.242,23,23.1367425664959,Normal,0.20~0.30
922,Russ Gibson,Right Handed,73,195,0.228,8,25.7809417169526,Overweight,0.20~0.30
923,Phil Huffman,Right Handed,74,180,0,0,23.1589546119526,Normal,0.20~0.30
924,Terry Francona,Left Handed,73,190,0.274,16,25.1198919293384,Overweight,0.20~0.30
925,John Bateman,Right Handed,75,210,0.23,81,26.3030829091961,Overweight,0.20~0.30
926,Luis Pujols,Right Handed,74,175,0.193,6,22.5156503171762,Normal,0.20~0.30
927,Joe Gaines,Right Handed,73,190,0.241,21,25.1198919293384,Overweight,0.20~0.30
928,Doug Rader,Right Handed,74,208,0.251,155,26.7614586627008,Overweight,0.20~0.30
929,Mickey Stanley,Right Handed,73,185,0.248,117,24.4588421417243,Normal,0.20~0.30
930,Steve Brown,Right Handed,77,200,0,0,23.7661279689385,Normal,0.20~0.30
931,Rick Lysander,Right Handed,74,190,0,0,24.4455632015056,Normal,0.20~0.30
932,Phil Bradley,Right Handed,72,185,0.286,78,25.1429725642841,Overweight,0.20~0.30
933,Winston Llenas,Right Handed,70,165,0.23,3,23.7245372449929,Normal,0.20~0.30
934,Charlie Moore,Right Handed,71,180,0.261,36,25.1573964402009,Overweight,0.20~0.30
935,Ralph Garr,Left Handed,71,185,0.306,75,25.8562130079842,Overweight,Above 0.30
936,Tommy John,Right Handed,75,180,0.157,5,22.5454996364538,Normal,0.20~0.30
937,Bruce Benedict,Right Handed,73,175,0.242,18,23.1367425664959,Normal,0.20~0.30
938,John Ellis,Right Handed,74,225,0.262,69,28.9486932649408,Overweight,0.20~0.30
939,Wes Parker,Both Handed,73,180,0.267,64,23.7977923541101,Normal,0.20~0.30
940,Mel Stottlemyre,Right Handed,72,190,0,0,25.8225123633188,Overweight,0.20~0.30
941,David Green,Right Handed,75,170,0.268,31,21.292971878873,Normal,0.20~0.30
942,Reid Nichols,Right Handed,71,165,0.266,22,23.0609467368508,Normal,0.20~0.30
943,Rick Reichardt,Right Handed,75,210,0.261,116,26.3030829091961,Overweight,0.20~0.30
944,Luis Tiant,Right Handed,72,180,0.164,5,24.4634327652494,Normal,0.20~0.30
945,Alex Sanchez,Right Handed,74,185,0,0,23.8022589067291,Normal,0.20~0.30
946,Broderick Perkins,Left Handed,70,180,0.271,8,25.881313358174,Overweight,0.20~0.30
947,Leon Roberts,Right Handed,75,200,0.267,78,25.0505551516153,Overweight,0.20~0.30
948,Ray Burris,Right Handed,77,200,0.151,1,23.7661279689385,Normal,0.20~0.30
949,Len Gabrielson,Left Handed,76,210,0.253,37,25.6154503746932,Overweight,0.20~0.30
950,Johnny Edwards,Left Handed,76,220,0.242,81,26.8352337258691,Overweight,0.20~0.30
951,Paul Wilmet,Right Handed,71,170,0,0,23.7597633046342,Normal,0.20~0.30
952,Tom Grieve,Right Handed,74,190,0.249,65,24.4455632015056,Normal,0.20~0.30
953,Bruce Ellingsen,Left Handed,72,180,0,0,24.4634327652494,Normal,0.20~0.30
954,Bob Forsch,Right Handed,76,200,0.213,12,24.3956670235174,Normal,0.20~0.30
955,Gorman Heimueller,Left Handed,76,195,0,0,23.7857753479294,Normal,0.20~0.30
956,Danny Cater,Right Handed,72,170,0.276,66,23.1043531671799,Normal,0.20~0.30
957,Bill Schroeder,Right Handed,74,200,0.24,61,25.7321717910585,Overweight,0.20~0.30
958,Clay Dalrymple,Left Handed,72,190,0.233,55,25.8225123633188,Overweight,0.20~0.30
959,Carlos May,Left Handed,71,200,0.274,90,27.9526627113343,Overweight,0.20~0.30
960,Reggie Smith,Both Handed,72,180,0.287,314,24.4634327652494,Normal,0.20~0.30
961,Ron Reed,Right Handed,78,215,0.158,0,24.8976948853425,Normal,0.20~0.30
962,Fred Howard,Right Handed,75,190,0,0,23.7980273940346,Normal,0.20~0.30
963,Davey Johnson,Right Handed,73,170,0.261,136,22.4756927788818,Normal,0.20~0.30
964,Ellis Valentine,Right Handed,76,205,0.278,123,25.0055586991053,Overweight,0.20~0.30
965,Roy White,Both Handed,70,160,0.271,160,23.0056118739325,Normal,0.20~0.30
966,Mike Brumley,Left Handed,70,195,0.229,5,28.0380894713552,Overweight,0.20~0.30
967,Al Luplow,Left Handed,70,175,0.235,33,25.1623879871136,Overweight,0.20~0.30
968,John Hoover,Right Handed,74,190,0,0,24.4455632015056,Normal,0.20~0.30
969,Dick Allen,Right Handed,71,187,0.292,351,26.1357396350976,Overweight,0.20~0.30
970,Doug Ault,Right Handed,75,200,0.236,17,25.0505551516153,Overweight,0.20~0.30
971,Mark Wagner,Right Handed,72,165,0.243,3,22.4248133681452,Normal,0.20~0.30
972,Mike Walters,Right Handed,77,203,0,0,24.1226198884726,Normal,0.20~0.30
973,Willie Stargell,Left Handed,74,188,0.282,475,24.188241483595,Normal,0.20~0.30
974,Steve Carlton,Left Handed,76,210,0.201,13,25.6154503746932,Overweight,0.20~0.30
975,Jake Wood,Right Handed,73,163,0.25,35,21.5502230762219,Normal,0.20~0.30
976,Del Unser,Left Handed,73,180,0.258,87,23.7977923541101,Normal,0.20~0.30
977,Bob Brower,Right Handed,71,185,0.242,17,25.8562130079842,Overweight,0.20~0.30
978,Ray Culp,Right Handed,72,200,0.123,1,27.1815919613882,Overweight,0.20~0.30
979,Ivan Murrell,Right Handed,74,195,0.236,33,25.088867496282,Overweight,0.20~0.30
980,Lee Mazzilli,Both Handed,73,180,0.259,93,23.7977923541101,Normal,0.20~0.30
981,Garth Iorg,Right Handed,71,170,0.258,20,23.7597633046342,Normal,0.20~0.30
982,Alan Ashby,Both Handed,74,185,0.245,90,23.8022589067291,Normal,0.20~0.30
983,Bob Brenly,Right Handed,74,210,0.247,91,27.0187803806114,Overweight,0.20~0.30
984,Ron Blomberg,Left Handed,73,195,0.293,52,25.7809417169526,Overweight,0.20~0.30
985,Jim Rooker,Right Handed,72,195,0.201,7,26.5020521623535,Overweight,0.20~0.30
986,Tim Blackwell,Both Handed,71,170,0.228,6,23.7597633046342,Normal,0.20~0.30
987,Colby Ward,Right Handed,74,185,0,0,23.8022589067291,Normal,0.20~0.30
988,Jerry Morales,Right Handed,70,155,0.259,95,22.2866865028721,Normal,0.20~0.30
989,Davey Lopes,Right Handed,69,170,0.263,155,25.1571028814663,Overweight,0.20~0.30
990,Catfish Hunter,Right Handed,72,190,0.226,6,25.8225123633188,Overweight,0.20~0.30
991,Mario Soto,Right Handed,72,174,0.132,1,23.6479850064077,Normal,0.20~0.30
992,Jimmy Wynn,Right Handed,70,160,0.25,291,23.0056118739325,Normal,0.20~0.30
993,Hank Allen,Right Handed,72,190,0.241,6,25.8225123633188,Overweight,0.20~0.30
994,Jim Fregosi,Right Handed,73,190,0.265,151,25.1198919293384,Overweight,0.20~0.30
995,Pepe Frias,Right Handed,70,159,0.24,1,22.8618267997204,Normal,0.20~0.30
996,Mike Schmidt,Right Handed,74,195,0.267,548,25.088867496282,Overweight,0.20~0.30
997,Willie Montanez,Left Handed,72,170,0.275,139,23.1043531671799,Normal,0.20~0.30
998,Rey Quinones,Right Handed,71,160,0.243,29,22.3621301690675,Normal,0.20~0.30
999,Mike Squires,Left Handed,71,185,0.26,6,25.8562130079842,Overweight,0.20~0.30
1000,Champ Summers,Left Handed,74,205,0.255,54,26.375476085835,Overweight,0.20~0.30
1001,Chuck Porter,Right Handed,75,187,0,0,23.4222690667603,Normal,0.20~0.30
1002,Bert Campaneris,Right Handed,70,160,0.259,79,23.0056118739325,Normal,0.20~0.30
1003,Bobby Valentine,Right Handed,70,189,0.26,12,27.1753790260827,Overweight,0.20~0.30
1004,Rob Andrews,Right Handed,72,185,0.251,3,25.1429725642841,Overweight,0.20~0.30
1005,Tom Haller,Left Handed,76,195,0.257,134,23.7857753479294,Normal,0.20~0.30
1006,Tom Dozier,Right Handed,74,190,0,0,24.4455632015056,Normal,0.20~0.30
1007,Ed Stroud,Left Handed,71,180,0.237,14,25.1573964402009,Overweight,0.20~0.30
1008,Ron Swoboda,Right Handed,74,195,0.242,73,25.088867496282,Overweight,0.20~0.30
1009,Harry Spilman,Left Handed,73,180,0.237,18,23.7977923541101,Normal,0.20~0.30
1010,Bob Barton,Right Handed,72,175,0.226,9,23.7838929662147,Normal,0.20~0.30
1011,Daryl Sconiers,Left Handed,74,185,0.265,15,23.8022589067291,Normal,0.20~0.30
1012,Joe Torre,Right Handed,74,212,0.297,252,27.276102098522,Overweight,0.20~0.30
1013,Al Ferrara,Right Handed,73,200,0.259,51,26.4419915045668,Overweight,0.20~0.30
1014,Rick Steirer,Right Handed,76,200,0,0,24.3956670235174,Normal,0.20~0.30
1015,Sixto Lezcano,Right Handed,70,165,0.271,148,23.7245372449929,Normal,0.20~0.30
1016,Al Lachowicz,Right Handed,75,198,0,0,24.8000496000992,Normal,0.20~0.30
1017,Dave Nicholson,Right Handed,74,215,0.212,61,27.6620846753879,Overweight,0.20~0.30
1018,Freddie Patek,Right Handed,65,148,0.242,41,24.6799848091358,Normal,0.20~0.30
1019,Ken Hubbs,Right Handed,74,175,0.247,14,22.5156503171762,Normal,0.20~0.30
1020,Pepe Mangual,Right Handed,70,157,0.242,16,22.5742566512962,Normal,0.20~0.30
1021,Leron Lee,Left Handed,72,196,0.25,31,26.6379601221604,Overweight,0.20~0.30
1022,Tom McCarthy,Right Handed,72,180,0,0,24.4634327652494,Normal,0.20~0.30
1023,Steve Ontiveros,Both Handed,72,185,0.274,24,25.1429725642841,Overweight,0.20~0.30
1024,Willie Davis,Left Handed,74,180,0.279,182,23.1589546119526,Normal,0.20~0.30
1025,Tom Lawless,Right Handed,71,170,0.207,2,23.7597633046342,Normal,0.20~0.30
1026,Jerry Moses,Right Handed,75,210,0.251,25,26.3030829091961,Overweight,0.20~0.30
1027,Bobby Bonds,Right Handed,73,190,0.268,332,25.1198919293384,Overweight,0.20~0.30
1028,Dave McNally,Right Handed,71,185,0.133,9,25.8562130079842,Overweight,0.20~0.30
1029,Darrell Brown,Both Handed,72,184,0.274,1,25.0070646044771,Overweight,0.20~0.30
1030,Roy Foster,Right Handed,72,185,0.253,45,25.1429725642841,Overweight,0.20~0.30
1031,Denis Menke,Right Handed,72,185,0.25,101,25.1429725642841,Overweight,0.20~0.30
1032,Hal Breeden,Right Handed,74,200,0.243,21,25.7321717910585,Overweight,0.20~0.30
1033,Manny Trillo,Right Handed,73,150,0.263,61,19.8314936284251,Normal,0.20~0.30
1034,Jackie Gutierrez,Right Handed,71,175,0.237,4,24.4585798724175,Normal,0.20~0.30
1035,Jerry Kenney,Left Handed,73,170,0.237,7,22.4756927788818,Normal,0.20~0.30
1036,Fred Kendall,Right Handed,73,185,0.234,31,24.4588421417243,Normal,0.20~0.30
1037,Mike Anderson,Right Handed,74,200,0.246,28,25.7321717910585,Overweight,0.20~0.30
1038,Jim Lewis,Right Handed,75,190,0,0,23.7980273940346,Normal,0.20~0.30
1039,Joe Charboneau,Right Handed,74,205,0.266,29,26.375476085835,Overweight,0.20~0.30
1040,Jimmie Schaffer,Right Handed,69,170,0.223,11,25.1571028814663,Overweight,0.20~0.30
1041,Junior Kennedy,Right Handed,71,175,0.248,4,24.4585798724175,Normal,0.20~0.30
1042,Wilbur Howard,Both Handed,74,170,0.25,6,21.8723460223997,Normal,0.20~0.30
1043,Rod Gilbreath,Right Handed,74,180,0.248,14,23.1589546119526,Normal,0.20~0.30
1044,Mark Brouhard,Right Handed,73,210,0.259,25,27.7640910797951,Overweight,0.20~0.30
1045,Dan Morogiello,Left Handed,73,200,0,0,26.4419915045668,Overweight,0.20~0.30
1046,Mike Young,Both Handed,74,195,0.247,72,25.088867496282,Overweight,0.20~0.30
1047,Chris Speier,Right Handed,73,175,0.246,112,23.1367425664959,Normal,0.20~0.30
1048,Gene Michael,Both Handed,74,183,0.229,15,23.5449371888185,Normal,0.20~0.30
1049,Vic Harris,Both Handed,71,165,0.217,13,23.0609467368508,Normal,0.20~0.30
1050,Mike Fischlin,Right Handed,73,165,0.22,3,21.8146429912676,Normal,0.20~0.30
1051,Don Money,Right Handed,73,170,0.261,176,22.4756927788818,Normal,0.20~0.30
1052,Joe Rudi,Right Handed,74,200,0.264,179,25.7321717910585,Overweight,0.20~0.30
1053,Jim Rice,Right Handed,74,200,0.298,382,25.7321717910585,Overweight,0.20~0.30
1054,Shawn Holman,Right Handed,74,185,0,0,23.8022589067291,Normal,0.20~0.30
1055,Alan Wirth,Right Handed,76,190,0,0,23.1758836723415,Normal,0.20~0.30
1056,Gil Garrido,Right Handed,69,150,0.237,1,22.1974437189408,Normal,0.20~0.30
1057,Marty Perez,Right Handed,71,160,0.246,22,22.3621301690675,Normal,0.20~0.30
1058,Tom Matchick,Left Handed,73,173,0.215,4,22.8723226514503,Normal,0.20~0.30
1059,Jack Perconte,Left Handed,70,160,0.27,2,23.0056118739325,Normal,0.20~0.30
1060,Ed Kirkpatrick,Left Handed,71,195,0.238,85,27.253846143551,Overweight,0.20~0.30
1061,Jerry Grote,Right Handed,70,185,0.252,39,26.6002387292344,Overweight,0.20~0.30
1062,Ellie Hendricks,Left Handed,73,175,0.22,62,23.1367425664959,Normal,0.20~0.30
1063,Jim Beauchamp,Right Handed,74,190,0.231,14,24.4455632015056,Normal,0.20~0.30
1064,Terry Wilshusen,Right Handed,74,210,0,0,27.0187803806114,Overweight,0.20~0.30
1065,Tito Fuentes,Both Handed,71,175,0.268,45,24.4585798724175,Normal,0.20~0.30
1066,Ron Brand,Right Handed,67,167,0.239,3,26.2105872639214,Overweight,0.20~0.30
1067,Leo Cardenas,Right Handed,71,150,0.257,118,20.9644970335007,Normal,0.20~0.30
1068,Art Shamsky,Left Handed,73,168,0.253,68,22.2112728638361,Normal,0.20~0.30
1069,Steve Ellsworth,Right Handed,80,220,0,0,24.2187984375969,Normal,0.20~0.30
1070,Ron Cey,Right Handed,70,185,0.261,316,26.6002387292344,Overweight,0.20~0.30
1071,Skip Jutze,Right Handed,71,190,0.215,3,26.5550295757676,Overweight,0.20~0.30
1072,Butch Wynegar,Both Handed,73,190,0.255,65,25.1198919293384,Overweight,0.20~0.30
1073,Ron LeFlore,Right Handed,72,200,0.288,59,27.1815919613882,Overweight,0.20~0.30
1074,Bill Russell,Right Handed,72,175,0.263,46,23.7838929662147,Normal,0.20~0.30
1075,Gene Tenace,Right Handed,72,190,0.241,201,25.8225123633188,Overweight,0.20~0.30
1076,Bubba Morton,Right Handed,70,175,0.267,14,25.1623879871136,Overweight,0.20~0.30
1077,Ellie Rodriguez,Right Handed,71,185,0.245,16,25.8562130079842,Overweight,0.20~0.30
1078,Darrel Chaney,Both Handed,74,188,0.217,14,24.188241483595,Normal,0.20~0.30
1079,Dick Nen,Left Handed,74,200,0.224,21,25.7321717910585,Overweight,0.20~0.30
1080,Bryan Kelly,Right Handed,74,195,0,0,25.088867496282,Overweight,0.20~0.30
1081,Bill Freehan,Right Handed,75,203,0.262,200,25.4263134788896,Overweight,0.20~0.30
1082,Steve Nicosia,Right Handed,70,185,0.248,11,26.6002387292344,Overweight,0.20~0.30
1083,Ted Savage,Right Handed,73,185,0.233,34,24.4588421417243,Normal,0.20~0.30
1084,Pete Mackanin,Right Handed,74,190,0.226,30,24.4455632015056,Normal,0.20~0.30
1085,Rich Dauer,Right Handed,72,180,0.257,43,24.4634327652494,Normal,0.20~0.30
1086,Mick Kelleher,Right Handed,69,176,0.213,0,26.0450006302239,Overweight,0.20~0.30
1087,Rowland Office,Left Handed,72,170,0.259,32,23.1043531671799,Normal,0.20~0.30
1088,Rick Leach,Left Handed,73,180,0.268,18,23.7977923541101,Normal,0.20~0.30
1089,Dwayne Murphy,Left Handed,73,185,0.246,166,24.4588421417243,Normal,0.20~0.30
1090,Larry Harlow,Left Handed,74,185,0.248,12,23.8022589067291,Normal,0.20~0.30
1091,Mike Epstein,Left Handed,75,230,0.244,130,28.8081384243576,Overweight,0.20~0.30
1092,Jerry Mumphrey,Both Handed,74,185,0.289,70,23.8022589067291,Normal,0.20~0.30
1093,Don Sutton,Right Handed,73,185,0.144,0,24.4588421417243,Normal,0.20~0.30
1094,Glenn Beckert,Right Handed,73,190,0.283,22,25.1198919293384,Overweight,0.20~0.30
1095,Ron Davis,Right Handed,72,175,0.233,10,23.7838929662147,Normal,0.20~0.30
1096,Mike Shannon,Right Handed,75,195,0.255,68,24.424291272825,Normal,0.20~0.30
1097,Jason Thompson,Left Handed,76,200,0.261,208,24.3956670235174,Normal,0.20~0.30
1098,Wayne Tolleson,Both Handed,69,160,0.241,9,23.6772733002035,Normal,0.20~0.30
1099,John Leister,Right Handed,74,200,0,0,25.7321717910585,Overweight,0.20~0.30
1100,Don Cooper,Right Handed,73,185,0,0,24.4588421417243,Normal,0.20~0.30
1101,Mike Jorgensen,Left Handed,72,195,0.243,95,26.5020521623535,Overweight,0.20~0.30
1102,Ed Romero,Right Handed,71,160,0.247,8,22.3621301690675,Normal,0.20~0.30
1103,Rick Joseph,Right Handed,73,192,0.243,13,25.3843118443841,Overweight,0.20~0.30
1104,Cecil Cooper,Left Handed,74,165,0.298,241,21.2290417276233,Normal,0.20~0.30
1105,Bill Almon,Right Handed,75,180,0.254,36,22.5454996364538,Normal,0.20~0.30
1106,Joe Ferguson,Right Handed,74,200,0.24,122,25.7321717910585,Overweight,0.20~0.30
1107,Jeff Jones,Right Handed,75,210,0,0,26.3030829091961,Overweight,0.20~0.30
1108,Jerry Terrell,Right Handed,71,165,0.253,4,23.0609467368508,Normal,0.20~0.30
1109,John Poloni,Left Handed,77,210,0,0,24.9544343673854,Normal,0.20~0.30
1110,Dave Revering,Left Handed,76,210,0.265,62,25.6154503746932,Overweight,0.20~0.30
1111,Curt Ford,Left Handed,70,150,0.245,7,21.5677611318117,Normal,0.20~0.30
1112,Jerry Dybzinski,Right Handed,74,180,0.234,3,23.1589546119526,Normal,0.20~0.30
1113,Mike Willis,Left Handed,74,205,0,0,26.375476085835,Overweight,0.20~0.30
1114,Bob Burda,Left Handed,71,174,0.224,13,24.3188165588609,Normal,0.20~0.30
1115,Jesse Gonder,Left Handed,70,180,0.251,26,25.881313358174,Overweight,0.20~0.30
1116,Gary Sutherland,Right Handed,72,185,0.243,24,25.1429725642841,Overweight,0.20~0.30
1117,Bob Coluccio,Right Handed,71,183,0.22,26,25.5766863808709,Overweight,0.20~0.30
1118,Dave Rader,Left Handed,71,165,0.257,30,23.0609467368508,Normal,0.20~0.30
1119,Ron Gardenhire,Right Handed,72,175,0.232,4,23.7838929662147,Normal,0.20~0.30
1120,Bill Sharp,Left Handed,70,178,0.255,9,25.5937432097499,Overweight,0.20~0.30
1121,Alan Bannister,Right Handed,71,170,0.27,19,23.7597633046342,Normal,0.20~0.30
1122,Bob Watson,Right Handed,72,201,0.295,184,27.3174999211951,Overweight,0.20~0.30
1123,Ken Harrelson,Right Handed,74,190,0.239,131,24.4455632015056,Normal,0.20~0.30
1124,Bobby Wine,Right Handed,73,187,0.215,30,24.7232620567699,Normal,0.20~0.30
1125,Stefan Wever,Right Handed,80,245,0,0,26.9709346236874,Overweight,0.20~0.30
1126,John Kennedy,Right Handed,72,185,0.225,32,25.1429725642841,Overweight,0.20~0.30
1127,Chico Ruiz,Both Handed,72,169,0.24,2,22.968445207373,Normal,0.20~0.30
1128,Dave Johnson,Right Handed,73,183,0,0,24.1944222266786,Normal,0.20~0.30
1129,Gail Hopkins,Left Handed,70,198,0.266,25,28.4694446939914,Overweight,0.20~0.30
1130,Doug Frobel,Left Handed,76,196,0.201,20,23.907753683047,Normal,0.20~0.30
1131,Luis Melendez,Right Handed,72,165,0.248,9,22.4248133681452,Normal,0.20~0.30
1132,Jerry Augustine,Left Handed,72,183,0,0,24.8711566446702,Normal,0.20~0.30
1133,Bill Plummer,Right Handed,73,190,0.188,14,25.1198919293384,Overweight,0.20~0.30
1134,Buck Rodgers,Both Handed,74,190,0.232,31,24.4455632015056,Normal,0.20~0.30
1135,Phil Niekro,Right Handed,73,180,0.169,7,23.7977923541101,Normal,0.20~0.30
1136,Jeff Holly,Left Handed,77,210,0,0,24.9544343673854,Normal,0.20~0.30
1137,Tom Poquette,Left Handed,70,175,0.268,10,25.1623879871136,Overweight,0.20~0.30
1138,Eric Hetzel,Right Handed,75,175,0,0,21.9192357576634,Normal,0.20~0.30
1139,Brian Asselstine,Left Handed,73,175,0.254,12,23.1367425664959,Normal,0.20~0.30
1140,Rick Miller,Left Handed,72,175,0.269,28,23.7838929662147,Normal,0.20~0.30
1141,Ed Charles,Right Handed,70,170,0.263,86,24.4434626160532,Normal,0.20~0.30
1142,Luis Gomez,Right Handed,69,150,0.21,0,22.1974437189408,Normal,0.20~0.30
1143,Dave Lemanczyk,Right Handed,76,235,0,0,28.6649087526329,Overweight,0.20~0.30
1144,Al Jones,Right Handed,76,210,0,0,25.6154503746932,Overweight,0.20~0.30
1145,Floyd Rayford,Right Handed,70,190,0.244,38,27.3191641002948,Overweight,0.20~0.30
1146,Sam Hinds,Right Handed,78,215,0,0,24.8976948853425,Normal,0.20~0.30
1147,Tony Conigliaro,Right Handed,75,185,0.264,166,23.1717635152442,Normal,0.20~0.30
1148,Clay Christiansen,Right Handed,77,205,0,0,24.360281168162,Normal,0.20~0.30
1149,Jim Barr,Right Handed,75,205,0.162,1,25.6768190304057,Overweight,0.20~0.30
1150,Jerry Remy,Left Handed,69,165,0.275,7,24.4171880908349,Normal,0.20~0.30
1151,Larry Rothschild,Left Handed,74,180,0,0,23.1589546119526,Normal,0.20~0.30
1152,Frank Duffy,Right Handed,73,180,0.232,26,23.7977923541101,Normal,0.20~0.30
1153,Gary Lance,Both Handed,75,195,0,0,24.424291272825,Normal,0.20~0.30
1154,Tom O'Malley,Left Handed,72,180,0.256,13,24.4634327652494,Normal,0.20~0.30
1155,Phil Garner,Right Handed,70,175,0.26,109,25.1623879871136,Overweight,0.20~0.30
1156,Larry Pashnick,Right Handed,75,205,0,0,25.6768190304057,Overweight,0.20~0.30
1157,Todd Fischer,Right Handed,70,170,0,0,24.4434626160532,Normal,0.20~0.30
